sport,game_group,team,zone,coverage,situation,hand,height,shot_flight,off_pass,outcome
boys_lacrosse,1,mka,8,lightly_covered,settled,right,high,air,t,goal
boys_lacrosse,1,opponent,15,lightly_covered,settled,right,low,bouncer,t,on_target
boys_lacrosse,1,opponent,11,lightly_covered,transition,right,low,bouncer,t,goal
boys_lacrosse,1,mka,1,wide_open,settled,left,low,air,t,on_target
boys_lacrosse,1,opponent,1,lightly_covered,settled,left,high,air,f,off_target
boys_lacrosse,1,opponent,15,wide_open,settled,right,high,bouncer,t,off_target
boys_lacrosse,1,opponent,16,lightly_covered,settled,right,high,air,t,off_target
boys_lacrosse,1,opponent,9,lightly_covered,settled,left,high,air,t,off_target
boys_lacrosse,1,opponent,16,lightly_covered,settled,right,low,bouncer,t,off_target
boys_lacrosse,1,opponent,19,wide_open,settled,right,low,air,t,off_target
boys_lacrosse,1,opponent,19,wide_open,settled,right,low,bouncer,t,on_target
boys_lacrosse,1,opponent,7,lightly_covered,settled,right,high,air,t,on_target
boys_lacrosse,1,mka,11,wide_open,transition,left,high,bouncer,f,off_target
boys_lacrosse,1,opponent,3,wide_open,transition,right,high,air,t,goal
boys_lacrosse,1,opponent,19,wide_open,transition,right,high,air,f,off_target
boys_lacrosse,1,mka,3,wide_open,transition,right,low,bouncer,t,goal
boys_lacrosse,1,mka,5,wide_open,transition,left,high,air,t,goal
boys_lacrosse,1,opponent,4,lightly_covered,settled,left,high,air,f,off_target
boys_lacrosse,1,mka,8,wide_open,transition,right,high,air,t,on_target
boys_lacrosse,1,mka,10,lightly_covered,settled,left,high,air,f,goal
boys_lacrosse,1,opponent,4,lightly_covered,settled,right,high,air,f,off_target
boys_lacrosse,1,opponent,7,heavily_covered,settled,right,low,bouncer,t,goal
boys_lacrosse,1,opponent,15,wide_open,settled,left,low,bouncer,t,on_target
boys_lacrosse,1,opponent,7,lightly_covered,settled,left,high,air,f,off_target
boys_lacrosse,1,mka,10,lightly_covered,settled,left,high,air,t,off_target
boys_lacrosse,1,mka,8,heavily_covered,settled,right,high,air,f,off_target
boys_lacrosse,1,opponent,4,heavily_covered,settled,left,high,bouncer,f,off_target
boys_lacrosse,1,opponent,19,lightly_covered,settled,right,low,bouncer,t,off_target
boys_lacrosse,1,opponent,14,lightly_covered,settled,left,high,air,t,off_target
boys_lacrosse,1,opponent,11,lightly_covered,transition,left,low,bouncer,f,goal
boys_lacrosse,1,mka,11,heavily_covered,transition,right,high,air,f,goal
boys_lacrosse,1,opponent,2,wide_open,settled,right,low,air,t,on_target
boys_lacrosse,1,mka,6,lightly_covered,settled,right,high,air,t,on_target
boys_lacrosse,1,mka,3,lightly_covered,settled,right,high,air,f,on_target
boys_lacrosse,1,opponent,11,lightly_covered,settled,right,low,bouncer,f,goal
boys_lacrosse,1,opponent,3,lightly_covered,settled,right,high,air,t,goal
boys_lacrosse,1,mka,11,wide_open,transition,right,high,air,f,off_target
boys_lacrosse,1,mka,7,lightly_covered,settled,right,low,air,t,off_target
boys_lacrosse,1,mka,15,wide_open,man_up,right,high,air,t,off_target
boys_lacrosse,1,mka,10,lightly_covered,man_up,right,high,bouncer,t,on_target
boys_lacrosse,1,opponent,11,lightly_covered,transition,right,low,bouncer,t,on_target
boys_lacrosse,1,opponent,2,lightly_covered,man_down,right,low,bouncer,f,goal
boys_lacrosse,1,mka,2,wide_open,transition,right,high,bouncer,t,goal
boys_lacrosse,1,opponent,2,lightly_covered,settled,left,low,bouncer,f,off_target
boys_lacrosse,1,opponent,1,lightly_covered,settled,right,low,air,f,goal
boys_lacrosse,1,mka,9,lightly_covered,settled,right,high,air,f,off_target
boys_lacrosse,1,mka,7,heavily_covered,settled,right,low,air,f,off_target
boys_lacrosse,1,mka,15,lightly_covered,settled,left,high,air,t,goal
boys_lacrosse,1,opponent,17,lightly_covered,transition,right,low,air,t,goal
boys_lacrosse,1,mka,6,lightly_covered,settled,right,low,air,f,goal
boys_lacrosse,1,mka,2,wide_open,transition,right,high,air,t,on_target
boys_lacrosse,1,mka,15,wide_open,settled,right,low,bouncer,t,on_target
boys_lacrosse,1,opponent,7,lightly_covered,settled,right,high,air,t,goal
boys_lacrosse,1,mka,19,wide_open,transition,right,low,air,f,goal
boys_lacrosse,1,mka,3,lightly_covered,settled,right,high,air,f,goal
boys_lacrosse,1,opponent,6,wide_open,settled,right,low,air,t,off_target
boys_lacrosse,1,opponent,15,lightly_covered,settled,right,low,bouncer,t,on_target
boys_lacrosse,1,mka,15,heavily_covered,settled,right,low,air,t,goal
boys_lacrosse,2,mka,12,wide_open,settled,left,high,air,f,off_target
boys_lacrosse,2,mka,12,lightly_covered,settled,left,high,air,f,on_target
boys_lacrosse,2,opponent,4,heavily_covered,settled,left,low,air,f,goal
boys_lacrosse,2,opponent,17,wide_open,transition,right,high,air,f,on_target
boys_lacrosse,2,mka,8,wide_open,settled,right,high,air,t,goal
boys_lacrosse,2,opponent,4,lightly_covered,settled,left,low,bouncer,t,goal
boys_lacrosse,2,mka,11,wide_open,transition,left,high,air,f,goal
boys_lacrosse,2,mka,16,lightly_covered,settled,left,high,air,f,off_target
boys_lacrosse,2,opponent,19,lightly_covered,transition,right,high,air,f,off_target
boys_lacrosse,2,opponent,3,wide_open,transition,right,low,air,f,on_target
boys_lacrosse,2,opponent,4,heavily_covered,settled,left,low,air,f,on_target
boys_lacrosse,2,opponent,9,lightly_covered,settled,left,high,air,t,on_target
boys_lacrosse,2,mka,15,wide_open,settled,right,high,air,f,on_target
boys_lacrosse,2,mka,12,heavily_covered,settled,right,high,air,f,goal
boys_lacrosse,2,opponent,1,lightly_covered,transition,left,low,air,t,goal
boys_lacrosse,2,mka,12,heavily_covered,transition,right,high,air,t,off_target
boys_lacrosse,2,opponent,10,lightly_covered,settled,left,low,bouncer,t,goal
boys_lacrosse,2,opponent,1,heavily_covered,settled,right,high,air,t,on_target
boys_lacrosse,2,opponent,7,lightly_covered,transition,right,high,bouncer,f,off_target
boys_lacrosse,2,opponent,11,heavily_covered,settled,right,low,bouncer,f,off_target
boys_lacrosse,2,mka,12,lightly_covered,settled,right,high,air,f,off_target
boys_lacrosse,2,mka,2,wide_open,settled,right,low,air,t,goal
boys_lacrosse,2,mka,3,wide_open,settled,right,low,bouncer,t,on_target
boys_lacrosse,2,opponent,1,lightly_covered,settled,left,low,air,f,on_target
boys_lacrosse,2,opponent,11,lightly_covered,transition,right,high,air,t,goal
boys_lacrosse,2,mka,4,wide_open,settled,right,low,air,f,goal
boys_lacrosse,2,mka,9,wide_open,transition,left,high,air,t,goal
boys_lacrosse,2,mka,11,lightly_covered,transition,right,high,air,t,off_target
boys_lacrosse,2,opponent,7,lightly_covered,settled,right,low,air,f,goal
boys_lacrosse,2,opponent,6,wide_open,settled,right,high,air,t,off_target
boys_lacrosse,2,opponent,9,lightly_covered,settled,left,low,air,t,goal
boys_lacrosse,2,opponent,15,heavily_covered,transition,right,high,air,f,off_target
boys_lacrosse,2,mka,15,wide_open,settled,left,high,air,f,off_target
boys_lacrosse,2,opponent,3,wide_open,settled,right,low,bouncer,f,on_target
boys_lacrosse,2,mka,5,wide_open,transition,right,low,air,f,on_target
boys_lacrosse,2,opponent,3,wide_open,settled,right,high,air,f,goal
boys_lacrosse,2,mka,11,lightly_covered,settled,left,high,air,f,on_target
boys_lacrosse,2,mka,6,wide_open,transition,left,low,air,f,goal
boys_lacrosse,2,mka,19,lightly_covered,transition,right,high,bouncer,f,off_target
boys_lacrosse,2,mka,12,wide_open,settled,right,high,air,t,off_target
boys_lacrosse,3,opponent,13,lightly_covered,transition,right,low,air,t,on_target
boys_lacrosse,3,opponent,1,wide_open,transition,left,high,air,f,on_target
boys_lacrosse,3,mka,15,lightly_covered,settled,left,high,air,f,off_target
boys_lacrosse,3,opponent,16,heavily_covered,settled,right,low,air,f,off_target
boys_lacrosse,3,opponent,17,heavily_covered,settled,right,low,bouncer,f,off_target
boys_lacrosse,3,opponent,12,lightly_covered,settled,left,low,bouncer,t,off_target
boys_lacrosse,3,mka,9,lightly_covered,settled,right,high,air,f,off_target
boys_lacrosse,3,mka,11,lightly_covered,settled,right,high,air,f,on_target
boys_lacrosse,3,opponent,6,lightly_covered,transition,right,low,bouncer,f,on_target
boys_lacrosse,3,mka,2,lightly_covered,transition,right,low,air,t,off_target
boys_lacrosse,3,mka,4,lightly_covered,settled,left,high,air,f,off_target
boys_lacrosse,3,mka,11,wide_open,settled,right,high,air,f,off_target
boys_lacrosse,3,mka,10,heavily_covered,settled,right,low,air,f,off_target
boys_lacrosse,3,opponent,3,wide_open,settled,right,low,air,t,on_target
boys_lacrosse,3,opponent,6,lightly_covered,transition,left,low,air,t,on_target
boys_lacrosse,3,mka,15,lightly_covered,settled,right,high,air,f,off_target
boys_lacrosse,3,mka,7,heavily_covered,settled,left,low,air,f,on_target
boys_lacrosse,3,mka,3,lightly_covered,settled,right,low,air,t,on_target
boys_lacrosse,3,opponent,5,wide_open,transition,left,high,air,t,on_target
boys_lacrosse,3,mka,7,heavily_covered,settled,right,low,air,t,goal
boys_lacrosse,3,mka,3,heavily_covered,settled,right,high,air,f,off_target
boys_lacrosse,3,opponent,19,wide_open,transition,right,high,air,f,off_target
boys_lacrosse,3,mka,7,wide_open,settled,right,low,air,t,goal
boys_lacrosse,3,mka,12,wide_open,settled,right,high,air,t,off_target
boys_lacrosse,3,mka,11,lightly_covered,settled,left,low,air,t,on_target
boys_lacrosse,3,opponent,3,heavily_covered,settled,right,high,air,f,goal
boys_lacrosse,3,opponent,12,heavily_covered,settled,left,low,air,f,off_target
boys_lacrosse,3,opponent,7,heavily_covered,settled,right,low,air,f,off_target
boys_lacrosse,3,opponent,10,lightly_covered,settled,right,high,air,t,goal
boys_lacrosse,3,mka,4,wide_open,transition,left,high,air,t,off_target
boys_lacrosse,3,opponent,3,wide_open,settled,right,low,air,f,on_target
boys_lacrosse,3,opponent,11,lightly_covered,settled,right,high,air,f,on_target
boys_lacrosse,3,opponent,11,lightly_covered,settled,left,high,air,t,on_target
boys_lacrosse,3,mka,7,wide_open,settled,right,high,air,f,goal
boys_lacrosse,3,opponent,15,wide_open,settled,right,high,air,f,off_target
boys_lacrosse,3,opponent,14,lightly_covered,settled,right,high,air,f,on_target
boys_lacrosse,3,mka,1,wide_open,transition,left,low,air,t,goal
boys_lacrosse,3,mka,2,wide_open,transition,right,high,air,t,off_target
boys_lacrosse,3,mka,1,heavily_covered,settled,left,high,air,f,off_target
boys_lacrosse,3,mka,11,lightly_covered,settled,right,low,air,f,goal
boys_lacrosse,3,mka,2,wide_open,transition,right,low,air,t,goal
boys_lacrosse,3,opponent,8,lightly_covered,settled,right,high,air,f,goal
boys_lacrosse,3,opponent,11,lightly_covered,transition,right,high,air,f,off_target
boys_lacrosse,3,opponent,7,lightly_covered,settled,left,high,air,f,on_target
boys_lacrosse,3,opponent,11,lightly_covered,transition,right,low,air,f,on_target
boys_lacrosse,3,mka,10,lightly_covered,transition,right,high,air,f,off_target
boys_lacrosse,3,opponent,7,lightly_covered,settled,right,low,air,t,goal
boys_lacrosse,3,opponent,12,lightly_covered,settled,right,high,air,f,off_target
boys_lacrosse,3,opponent,1,wide_open,settled,right,high,air,t,on_target
boys_lacrosse,3,mka,5,wide_open,transition,right,low,air,t,off_target
boys_lacrosse,3,mka,1,lightly_covered,settled,right,low,air,f,off_target
boys_lacrosse,3,opponent,6,wide_open,transition,left,high,air,t,on_target
boys_lacrosse,3,mka,6,lightly_covered,settled,right,high,air,f,goal
boys_lacrosse,3,opponent,11,wide_open,settled,right,low,bouncer,f,off_target
boys_lacrosse,3,opponent,12,heavily_covered,settled,right,high,air,f,off_target
boys_lacrosse,3,opponent,5,lightly_covered,transition,left,high,air,f,goal
boys_lacrosse,3,mka,2,wide_open,transition,right,low,air,t,goal
boys_lacrosse,3,mka,4,lightly_covered,settled,left,high,air,f,goal
boys_lacrosse,3,opponent,4,lightly_covered,settled,left,low,air,f,on_target
boys_lacrosse,3,mka,5,heavily_covered,settled,left,low,air,f,on_target
boys_lacrosse,3,mka,7,heavily_covered,settled,right,low,bouncer,f,goal
boys_lacrosse,3,opponent,11,wide_open,man_up,right,high,air,t,goal
boys_lacrosse,3,opponent,11,heavily_covered,settled,left,high,bouncer,f,on_target
boys_lacrosse,3,opponent,1,wide_open,settled,left,high,air,f,off_target
boys_lacrosse,3,mka,7,wide_open,transition,right,high,air,t,off_target
boys_lacrosse,3,mka,2,wide_open,settled,right,low,bouncer,t,on_target
boys_lacrosse,3,mka,8,lightly_covered,settled,right,high,air,t,on_target
boys_lacrosse,3,mka,13,lightly_covered,settled,right,high,air,f,off_target
boys_lacrosse,3,mka,13,heavily_covered,settled,right,high,air,t,goal
boys_lacrosse,3,mka,8,wide_open,transition,left,low,air,t,on_target
boys_lacrosse,3,mka,3,heavily_covered,settled,right,low,air,t,on_target
boys_lacrosse,3,opponent,11,wide_open,transition,right,high,air,t,goal
boys_lacrosse,3,opponent,12,lightly_covered,settled,right,high,air,t,off_target
boys_lacrosse,3,opponent,5,lightly_covered,settled,right,high,air,t,off_target
boys_lacrosse,3,opponent,6,wide_open,settled,right,high,air,f,goal
boys_lacrosse,3,mka,1,heavily_covered,settled,right,high,air,f,on_target
boys_lacrosse,3,opponent,11,wide_open,settled,right,high,air,t,off_target
boys_lacrosse,3,mka,8,heavily_covered,settled,right,low,bouncer,f,off_target
boys_lacrosse,3,opponent,16,heavily_covered,settled,right,low,air,f,goal
boys_lacrosse,3,opponent,8,wide_open,settled,right,high,air,t,off_target
boys_lacrosse,3,opponent,6,lightly_covered,man_up,right,low,bouncer,t,goal
boys_lacrosse,3,opponent,15,wide_open,man_up,right,high,air,f,off_target
boys_lacrosse,3,opponent,15,lightly_covered,transition,right,high,air,t,off_target
boys_lacrosse,4,opponent,10,lightly_covered,settled,left,high,air,f,on_target
boys_lacrosse,4,mka,11,wide_open,transition,right,high,air,f,on_target
boys_lacrosse,4,opponent,19,wide_open,transition,right,high,bouncer,f,goal
boys_lacrosse,4,opponent,7,heavily_covered,settled,right,low,bouncer,f,on_target
boys_lacrosse,4,opponent,8,heavily_covered,settled,right,low,bouncer,f,on_target
boys_lacrosse,4,opponent,12,heavily_covered,settled,right,low,bouncer,f,off_target
boys_lacrosse,4,opponent,10,lightly_covered,settled,right,low,bouncer,f,on_target
boys_lacrosse,4,mka,3,wide_open,transition,right,high,air,t,goal
boys_lacrosse,4,opponent,16,lightly_covered,settled,right,low,bouncer,f,on_target
boys_lacrosse,4,mka,19,wide_open,transition,right,high,air,f,off_target
boys_lacrosse,4,opponent,2,lightly_covered,transition,right,high,air,f,on_target
boys_lacrosse,4,mka,7,lightly_covered,settled,left,high,air,f,on_target
boys_lacrosse,4,mka,16,lightly_covered,settled,right,high,bouncer,t,on_target
boys_lacrosse,4,mka,5,heavily_covered,transition,right,high,air,t,on_target
boys_lacrosse,4,opponent,13,lightly_covered,settled,right,high,air,t,on_target
boys_lacrosse,4,mka,7,heavily_covered,settled,right,high,bouncer,f,on_target
boys_lacrosse,4,mka,1,wide_open,settled,right,low,bouncer,t,goal
boys_lacrosse,4,mka,11,lightly_covered,settled,right,low,bouncer,f,on_target
boys_lacrosse,4,mka,7,heavily_covered,settled,right,low,bouncer,f,goal
boys_lacrosse,4,mka,12,lightly_covered,settled,right,low,bouncer,f,on_target
boys_lacrosse,4,opponent,1,wide_open,settled,right,low,air,t,goal
boys_lacrosse,4,opponent,4,lightly_covered,settled,right,low,bouncer,f,goal
boys_lacrosse,4,opponent,5,heavily_covered,man_up,left,low,bouncer,f,goal
boys_lacrosse,4,mka,1,wide_open,settled,right,low,bouncer,f,off_target
boys_lacrosse,4,mka,11,lightly_covered,settled,left,low,bouncer,f,on_target
boys_lacrosse,4,opponent,11,heavily_covered,transition,right,low,air,t,off_target
boys_lacrosse,4,opponent,8,wide_open,settled,right,high,air,t,goal
boys_lacrosse,4,mka,5,lightly_covered,settled,right,low,bouncer,f,goal
boys_lacrosse,4,opponent,3,wide_open,settled,right,low,air,f,on_target
boys_lacrosse,4,mka,8,lightly_covered,settled,right,high,air,f,off_target
boys_lacrosse,4,mka,6,lightly_covered,transition,right,low,air,t,off_target
boys_lacrosse,4,opponent,4,lightly_covered,settled,left,low,air,f,off_target
boys_lacrosse,4,mka,10,heavily_covered,settled,right,high,air,t,off_target
boys_lacrosse,4,mka,8,lightly_covered,settled,left,high,air,t,on_target
boys_lacrosse,4,opponent,4,wide_open,settled,left,high,air,f,on_target
boys_lacrosse,4,mka,11,lightly_covered,transition,right,low,air,t,goal
boys_lacrosse,4,mka,11,lightly_covered,man_up,right,high,air,f,on_target
boys_lacrosse,4,mka,10,lightly_covered,man_up,left,high,air,t,off_target
boys_lacrosse,4,mka,6,lightly_covered,man_up,right,low,bouncer,t,on_target
boys_lacrosse,4,mka,16,lightly_covered,settled,left,high,air,f,off_target
boys_lacrosse,4,mka,12,lightly_covered,settled,right,high,air,f,goal
boys_lacrosse,4,opponent,12,lightly_covered,transition,right,low,bouncer,t,on_target
boys_lacrosse,4,opponent,2,lightly_covered,settled,right,low,bouncer,f,goal
boys_lacrosse,4,mka,4,lightly_covered,settled,right,low,bouncer,f,off_target
boys_lacrosse,4,mka,1,lightly_covered,settled,left,low,air,f,goal
boys_lacrosse,4,mka,1,wide_open,settled,left,high,air,t,goal
boys_lacrosse,4,mka,5,lightly_covered,settled,right,high,air,f,on_target
boys_lacrosse,4,opponent,3,heavily_covered,settled,right,high,bouncer,f,off_target
boys_lacrosse,4,mka,6,heavily_covered,settled,left,low,bouncer,f,on_target
boys_lacrosse,4,opponent,16,lightly_covered,settled,right,high,air,f,goal
boys_lacrosse,4,mka,1,wide_open,man_up,left,high,air,t,on_target
boys_lacrosse,4,mka,13,lightly_covered,man_up,right,high,air,t,off_target
boys_lacrosse,4,mka,3,heavily_covered,settled,right,low,air,f,goal
boys_lacrosse,4,mka,16,lightly_covered,man_down,left,high,air,f,on_target
boys_lacrosse,4,opponent,11,lightly_covered,man_down,right,high,bouncer,t,off_target
boys_lacrosse,4,opponent,9,lightly_covered,settled,right,low,bouncer,f,goal
boys_lacrosse,5,mka,10,wide_open,transition,right,high,air,t,goal
boys_lacrosse,5,mka,15,lightly_covered,transition,left,high,air,f,goal
boys_lacrosse,5,opponent,16,lightly_covered,transition,right,high,air,f,off_target
boys_lacrosse,5,opponent,19,heavily_covered,settled,left,high,air,f,goal
boys_lacrosse,5,opponent,17,heavily_covered,settled,left,low,air,f,on_target
boys_lacrosse,5,mka,2,lightly_covered,settled,right,low,air,t,off_target
boys_lacrosse,5,mka,11,heavily_covered,settled,right,low,air,t,goal
boys_lacrosse,5,opponent,5,heavily_covered,transition,left,high,air,f,off_target
boys_lacrosse,5,opponent,3,wide_open,settled,right,high,air,t,goal
boys_lacrosse,5,opponent,4,lightly_covered,settled,left,high,air,t,off_target
boys_lacrosse,5,opponent,11,lightly_covered,settled,right,high,air,t,off_target
boys_lacrosse,5,mka,16,lightly_covered,settled,right,high,air,f,off_target
boys_lacrosse,5,mka,3,wide_open,settled,right,low,bouncer,f,off_target
boys_lacrosse,5,mka,4,lightly_covered,settled,right,low,air,t,goal
boys_lacrosse,5,mka,8,wide_open,settled,right,high,air,t,goal
boys_lacrosse,5,mka,2,wide_open,man_up,right,high,bouncer,t,goal
boys_lacrosse,5,opponent,12,lightly_covered,transition,left,low,air,f,off_target
boys_lacrosse,5,mka,11,lightly_covered,transition,left,low,air,f,on_target
boys_lacrosse,5,mka,5,wide_open,transition,left,low,bouncer,f,goal
boys_lacrosse,5,opponent,8,wide_open,transition,right,high,air,t,off_target
boys_lacrosse,5,opponent,6,lightly_covered,transition,right,low,air,t,goal
boys_lacrosse,5,opponent,19,lightly_covered,settled,left,high,air,t,off_target
boys_lacrosse,5,opponent,5,lightly_covered,transition,left,low,air,f,on_target
boys_lacrosse,5,mka,2,heavily_covered,transition,left,high,air,t,on_target
boys_lacrosse,5,opponent,16,lightly_covered,settled,left,high,air,f,goal
boys_lacrosse,5,mka,1,heavily_covered,transition,right,low,air,t,goal
boys_lacrosse,5,mka,4,lightly_covered,transition,right,low,air,t,goal
boys_lacrosse,5,opponent,10,lightly_covered,transition,right,high,air,f,on_target
boys_lacrosse,5,opponent,12,wide_open,transition,right,low,bouncer,f,off_target
boys_lacrosse,5,opponent,4,heavily_covered,settled,left,low,bouncer,f,off_target
boys_lacrosse,5,mka,6,lightly_covered,settled,left,low,air,t,goal
boys_lacrosse,5,mka,12,lightly_covered,settled,left,high,air,f,on_target
boys_lacrosse,5,opponent,16,lightly_covered,transition,left,high,air,f,off_target
boys_lacrosse,5,mka,12,lightly_covered,settled,right,high,air,f,on_target
boys_lacrosse,5,mka,11,lightly_covered,transition,right,high,air,t,off_target
boys_lacrosse,5,mka,6,wide_open,transition,right,low,air,t,goal
boys_lacrosse,5,mka,1,wide_open,settled,left,low,air,t,goal
boys_lacrosse,5,mka,16,lightly_covered,transition,right,high,bouncer,f,off_target
boys_lacrosse,5,mka,10,lightly_covered,settled,right,low,bouncer,f,off_target
boys_lacrosse,5,mka,3,lightly_covered,settled,right,low,air,f,on_target
boys_lacrosse,5,mka,7,lightly_covered,settled,left,high,air,f,on_target
boys_lacrosse,5,mka,3,heavily_covered,transition,right,low,air,t,off_target
boys_lacrosse,5,opponent,3,wide_open,transition,right,high,air,f,off_target
boys_lacrosse,5,opponent,10,lightly_covered,transition,right,low,bouncer,f,off_target
boys_lacrosse,5,mka,12,wide_open,transition,right,high,air,f,off_target
boys_lacrosse,5,opponent,11,wide_open,transition,right,high,air,f,off_target
boys_lacrosse,5,mka,7,wide_open,transition,right,high,air,t,on_target
boys_lacrosse,5,mka,2,lightly_covered,settled,right,high,air,t,goal
boys_lacrosse,5,mka,2,wide_open,transition,left,low,air,t,goal
boys_lacrosse,5,opponent,6,lightly_covered,transition,right,low,bouncer,t,on_target
boys_lacrosse,5,mka,7,lightly_covered,settled,right,high,air,t,off_target
boys_lacrosse,5,mka,10,wide_open,settled,right,low,air,f,off_target
boys_lacrosse,5,mka,5,lightly_covered,settled,right,low,air,f,off_target
boys_lacrosse,5,mka,2,wide_open,settled,right,low,air,t,on_target
boys_lacrosse,5,mka,5,wide_open,settled,right,low,air,f,on_target
boys_lacrosse,5,mka,2,lightly_covered,settled,left,low,air,t,goal
boys_lacrosse,6,mka,4,lightly_covered,settled,right,low,bouncer,t,off_target
boys_lacrosse,6,mka,16,lightly_covered,settled,right,high,air,t,goal
boys_lacrosse,6,opponent,5,lightly_covered,settled,left,high,air,t,on_target
boys_lacrosse,6,mka,9,lightly_covered,settled,left,high,air,t,on_target
boys_lacrosse,6,mka,11,lightly_covered,settled,right,high,air,t,goal
boys_lacrosse,6,mka,10,wide_open,settled,right,high,air,t,off_target
boys_lacrosse,6,mka,8,lightly_covered,settled,right,low,air,f,goal
boys_lacrosse,6,mka,5,heavily_covered,settled,right,high,air,t,on_target
boys_lacrosse,6,mka,5,lightly_covered,settled,left,low,bouncer,t,goal
boys_lacrosse,6,opponent,10,lightly_covered,settled,left,high,air,t,off_target
boys_lacrosse,6,opponent,4,lightly_covered,settled,left,high,air,t,off_target
boys_lacrosse,6,opponent,12,lightly_covered,settled,left,high,air,t,off_target
boys_lacrosse,6,opponent,17,lightly_covered,settled,left,low,air,t,goal
boys_lacrosse,6,mka,3,lightly_covered,settled,right,high,air,t,off_target
boys_lacrosse,6,mka,10,lightly_covered,settled,left,high,air,t,on_target
boys_lacrosse,6,mka,16,lightly_covered,settled,left,high,air,t,off_target
boys_lacrosse,6,mka,7,lightly_covered,settled,right,high,air,t,goal
boys_lacrosse,6,opponent,7,lightly_covered,settled,right,low,air,t,goal
boys_lacrosse,6,mka,13,lightly_covered,transition,right,high,air,f,goal
boys_lacrosse,6,mka,1,heavily_covered,settled,left,high,air,t,on_target
boys_lacrosse,6,mka,19,wide_open,settled,right,high,air,f,off_target
boys_lacrosse,6,opponent,16,lightly_covered,settled,left,low,bouncer,f,off_target
boys_lacrosse,6,opponent,4,lightly_covered,settled,left,high,air,f,on_target
boys_lacrosse,6,mka,7,wide_open,settled,right,low,bouncer,t,goal
boys_lacrosse,6,mka,1,wide_open,settled,left,low,bouncer,t,on_target
boys_lacrosse,6,mka,6,lightly_covered,settled,left,low,bouncer,t,on_target
boys_lacrosse,6,opponent,15,lightly_covered,settled,right,high,air,f,off_target
boys_lacrosse,6,opponent,12,lightly_covered,settled,left,low,air,f,off_target
boys_lacrosse,6,opponent,6,heavily_covered,settled,right,low,air,f,on_target
boys_lacrosse,6,opponent,16,wide_open,man_up,right,high,air,t,on_target
boys_lacrosse,6,opponent,5,lightly_covered,man_up,right,low,air,t,on_target
boys_lacrosse,6,mka,7,lightly_covered,settled,right,low,bouncer,t,on_target
boys_lacrosse,6,opponent,3,heavily_covered,settled,right,low,bouncer,t,off_target
boys_lacrosse,6,opponent,12,lightly_covered,settled,left,low,air,t,on_target
boys_lacrosse,6,opponent,15,lightly_covered,settled,left,high,air,f,off_target
boys_lacrosse,6,opponent,7,lightly_covered,settled,right,high,air,f,on_target
boys_lacrosse,6,opponent,1,lightly_covered,settled,left,low,bouncer,t,goal
boys_lacrosse,6,opponent,5,wide_open,transition,right,low,air,f,on_target
boys_lacrosse,6,opponent,6,wide_open,settled,right,low,air,t,on_target
boys_lacrosse,6,opponent,2,wide_open,transition,right,high,air,t,goal
boys_lacrosse,6,opponent,11,wide_open,settled,right,high,bouncer,f,off_target
boys_lacrosse,6,opponent,12,lightly_covered,settled,right,low,bouncer,f,off_target
boys_lacrosse,6,opponent,19,lightly_covered,settled,right,low,air,t,on_target
boys_lacrosse,6,opponent,17,lightly_covered,settled,left,low,air,f,on_target
boys_lacrosse,6,opponent,3,wide_open,settled,right,high,air,t,on_target
boys_lacrosse,6,opponent,10,lightly_covered,transition,right,high,air,f,on_target
boys_lacrosse,6,opponent,10,lightly_covered,settled,right,high,air,t,off_target
boys_lacrosse,6,opponent,1,wide_open,settled,left,high,air,f,off_target
boys_lacrosse,6,opponent,12,lightly_covered,settled,right,high,air,t,goal
boys_lacrosse,6,mka,8,lightly_covered,man_up,right,high,air,f,off_target
boys_lacrosse,6,mka,16,lightly_covered,settled,right,high,air,t,off_target
boys_lacrosse,6,mka,10,lightly_covered,settled,right,high,air,f,off_target
boys_lacrosse,6,opponent,17,wide_open,settled,right,high,air,t,goal
boys_lacrosse,6,opponent,6,wide_open,settled,right,high,air,f,goal
boys_lacrosse,6,mka,5,lightly_covered,settled,left,low,air,f,goal
boys_lacrosse,6,mka,5,wide_open,settled,right,high,bouncer,t,off_target
boys_lacrosse,6,mka,13,wide_open,settled,right,high,air,t,on_target
boys_lacrosse,6,mka,7,wide_open,settled,right,high,air,t,goal
boys_lacrosse,6,mka,1,lightly_covered,settled,left,low,air,f,off_target
boys_lacrosse,6,opponent,2,wide_open,settled,left,high,air,f,goal
boys_lacrosse,6,mka,17,lightly_covered,transition,right,high,air,f,off_target
boys_lacrosse,6,opponent,19,lightly_covered,man_up,right,high,air,t,on_target
boys_lacrosse,6,opponent,11,wide_open,settled,right,high,air,t,on_target
boys_lacrosse,6,opponent,1,wide_open,transition,right,high,air,t,goal
boys_lacrosse,6,mka,10,lightly_covered,settled,right,low,bouncer,t,goal
boys_lacrosse,6,mka,11,wide_open,settled,right,high,air,t,goal
boys_lacrosse,6,mka,5,wide_open,settled,left,high,air,t,off_target
boys_lacrosse,6,opponent,11,lightly_covered,settled,right,low,bouncer,f,off_target
boys_lacrosse,6,opponent,7,wide_open,settled,right,low,bouncer,t,goal
boys_lacrosse,6,opponent,10,lightly_covered,settled,right,low,bouncer,t,goal
boys_lacrosse,6,opponent,7,lightly_covered,settled,right,low,air,f,goal
boys_lacrosse,6,opponent,5,wide_open,settled,left,high,air,f,goal
boys_lacrosse,6,opponent,3,heavily_covered,transition,left,low,bouncer,t,goal
boys_lacrosse,6,mka,7,lightly_covered,transition,right,low,air,t,goal
boys_lacrosse,7,mka,5,lightly_covered,settled,left,high,air,t,off_target
boys_lacrosse,7,mka,7,lightly_covered,settled,right,high,air,t,on_target
boys_lacrosse,7,mka,5,heavily_covered,settled,right,high,air,t,off_target
boys_lacrosse,7,mka,8,lightly_covered,transition,right,high,air,t,on_target
boys_lacrosse,7,mka,5,lightly_covered,transition,right,high,air,t,on_target
boys_lacrosse,7,mka,1,lightly_covered,settled,left,low,air,t,goal
boys_lacrosse,7,opponent,5,lightly_covered,settled,left,high,air,t,off_target
boys_lacrosse,7,opponent,12,lightly_covered,settled,left,high,air,t,goal
boys_lacrosse,7,opponent,3,heavily_covered,settled,left,low,air,t,goal
boys_lacrosse,7,mka,3,heavily_covered,transition,right,low,air,t,goal
boys_lacrosse,7,opponent,5,lightly_covered,transition,left,high,air,t,off_target
boys_lacrosse,7,opponent,12,lightly_covered,settled,left,high,air,t,off_target
boys_lacrosse,7,opponent,11,lightly_covered,transition,left,high,air,f,goal
boys_lacrosse,7,mka,11,lightly_covered,settled,left,high,air,t,on_target
boys_lacrosse,7,opponent,4,lightly_covered,transition,left,low,air,f,goal
boys_lacrosse,7,mka,3,wide_open,transition,right,low,air,t,goal
boys_lacrosse,7,opponent,5,lightly_covered,transition,right,low,air,f,on_target
boys_lacrosse,7,mka,3,lightly_covered,settled,right,low,air,t,goal
boys_lacrosse,7,mka,10,lightly_covered,settled,right,high,air,f,off_target
boys_lacrosse,7,mka,2,wide_open,settled,right,high,air,f,goal
boys_lacrosse,7,mka,7,lightly_covered,transition,right,low,bouncer,t,off_target
boys_lacrosse,7,opponent,7,wide_open,settled,right,high,air,t,off_target
boys_lacrosse,7,opponent,3,heavily_covered,settled,right,low,air,f,on_target
boys_lacrosse,7,mka,3,heavily_covered,settled,right,low,air,t,off_target
boys_lacrosse,7,opponent,19,lightly_covered,settled,right,low,bouncer,f,on_target
boys_lacrosse,7,opponent,7,heavily_covered,settled,left,high,air,f,off_target
boys_lacrosse,7,mka,5,lightly_covered,settled,right,high,air,t,on_target
boys_lacrosse,7,mka,7,lightly_covered,settled,left,low,air,f,on_target
boys_lacrosse,7,mka,2,wide_open,settled,left,low,air,t,on_target
boys_lacrosse,7,mka,3,wide_open,settled,right,low,air,t,goal
boys_lacrosse,7,mka,5,lightly_covered,settled,right,high,bouncer,f,off_target
boys_lacrosse,7,mka,3,wide_open,settled,right,high,air,t,off_target
boys_lacrosse,7,mka,2,wide_open,transition,right,high,air,t,goal
boys_lacrosse,7,mka,1,lightly_covered,settled,left,high,air,f,on_target
boys_lacrosse,7,opponent,1,wide_open,transition,left,low,air,f,on_target
boys_lacrosse,7,mka,3,lightly_covered,transition,right,high,air,t,on_target
boys_lacrosse,7,mka,5,lightly_covered,transition,right,high,air,f,off_target
boys_lacrosse,7,mka,7,wide_open,transition,right,high,air,t,on_target
boys_lacrosse,7,mka,3,heavily_covered,transition,right,high,air,f,on_target
boys_lacrosse,7,mka,5,heavily_covered,settled,right,high,air,t,off_target
boys_lacrosse,7,mka,2,heavily_covered,settled,right,low,air,t,goal
boys_lacrosse,7,mka,2,lightly_covered,settled,right,low,air,t,on_target
boys_lacrosse,7,mka,6,heavily_covered,transition,right,low,bouncer,t,on_target
boys_lacrosse,7,mka,5,heavily_covered,settled,right,low,air,t,on_target
boys_lacrosse,7,opponent,11,lightly_covered,settled,right,high,air,f,on_target
boys_lacrosse,7,mka,2,lightly_covered,settled,left,high,air,t,goal
boys_lacrosse,7,mka,2,wide_open,settled,right,high,air,t,goal
boys_lacrosse,7,mka,7,heavily_covered,settled,left,low,air,f,goal
boys_lacrosse,7,mka,2,heavily_covered,transition,right,low,air,f,on_target
boys_lacrosse,7,opponent,1,lightly_covered,settled,right,low,air,f,on_target
boys_lacrosse,7,opponent,7,heavily_covered,settled,right,low,bouncer,f,off_target
boys_lacrosse,7,opponent,11,heavily_covered,settled,left,high,air,f,off_target
boys_lacrosse,7,opponent,2,wide_open,settled,right,high,air,t,goal
boys_lacrosse,7,opponent,1,wide_open,settled,left,high,air,f,goal
boys_lacrosse,7,opponent,10,wide_open,settled,left,high,air,t,on_target
boys_lacrosse,7,mka,6,lightly_covered,settled,right,low,air,f,goal
boys_lacrosse,7,mka,6,wide_open,settled,right,high,air,f,on_target
boys_lacrosse,7,mka,3,wide_open,transition,right,low,air,t,on_target
boys_lacrosse,7,opponent,2,wide_open,transition,right,high,air,t,goal
boys_lacrosse,8,mka,16,heavily_covered,settled,left,high,air,f,off_target
boys_lacrosse,8,mka,1,wide_open,transition,left,low,air,t,on_target
boys_lacrosse,8,opponent,11,heavily_covered,settled,right,low,air,f,goal
boys_lacrosse,8,opponent,1,lightly_covered,settled,left,low,air,f,on_target
boys_lacrosse,8,mka,1,wide_open,settled,right,low,air,f,goal
boys_lacrosse,8,mka,6,lightly_covered,transition,right,high,bouncer,t,goal
boys_lacrosse,8,opponent,2,lightly_covered,settled,right,high,air,t,goal
boys_lacrosse,8,mka,8,lightly_covered,settled,left,high,air,f,off_target
boys_lacrosse,8,mka,9,lightly_covered,settled,right,low,air,f,on_target
boys_lacrosse,8,opponent,3,wide_open,settled,right,low,bouncer,t,on_target
boys_lacrosse,8,mka,6,lightly_covered,settled,right,high,air,t,off_target
boys_lacrosse,8,mka,10,heavily_covered,settled,right,low,bouncer,f,goal
boys_lacrosse,8,mka,2,heavily_covered,settled,right,low,air,t,on_target
boys_lacrosse,8,opponent,6,lightly_covered,transition,right,low,air,f,on_target
boys_lacrosse,8,opponent,6,wide_open,transition,right,high,air,t,off_target
boys_lacrosse,8,opponent,8,heavily_covered,settled,right,high,air,f,off_target
boys_lacrosse,8,mka,6,lightly_covered,transition,right,low,air,t,goal
boys_lacrosse,8,opponent,10,wide_open,transition,right,low,air,f,on_target
boys_lacrosse,8,mka,1,wide_open,settled,left,low,air,f,goal
boys_lacrosse,8,opponent,5,wide_open,settled,left,high,air,t,goal
boys_lacrosse,8,opponent,4,heavily_covered,settled,right,low,air,f,off_target
boys_lacrosse,8,opponent,7,lightly_covered,settled,right,low,air,t,goal
boys_lacrosse,8,mka,1,lightly_covered,settled,left,low,air,f,goal
boys_lacrosse,8,mka,12,lightly_covered,settled,right,low,air,f,on_target
boys_lacrosse,8,opponent,7,wide_open,transition,right,high,air,f,on_target
boys_lacrosse,8,mka,6,heavily_covered,settled,left,low,air,f,goal
boys_lacrosse,8,mka,10,lightly_covered,settled,left,high,air,t,goal
boys_lacrosse,8,mka,7,lightly_covered,settled,left,low,air,f,on_target
boys_lacrosse,8,opponent,3,wide_open,settled,right,low,air,t,goal
boys_lacrosse,8,mka,5,lightly_covered,settled,right,high,air,f,goal
boys_lacrosse,8,opponent,19,heavily_covered,transition,right,high,air,t,off_target
boys_lacrosse,8,mka,6,lightly_covered,settled,right,high,air,t,on_target
boys_lacrosse,8,mka,16,lightly_covered,settled,right,high,air,t,goal
boys_lacrosse,8,mka,7,lightly_covered,settled,right,low,bouncer,f,goal
boys_lacrosse,8,opponent,4,lightly_covered,settled,right,high,air,t,off_target
boys_lacrosse,8,opponent,12,lightly_covered,settled,right,high,air,f,off_target
boys_lacrosse,8,opponent,3,heavily_covered,settled,right,high,air,f,goal
boys_lacrosse,8,mka,8,lightly_covered,settled,right,low,air,t,off_target
boys_lacrosse,8,mka,2,lightly_covered,settled,right,high,air,t,on_target
boys_lacrosse,8,mka,1,lightly_covered,settled,right,low,air,t,goal
boys_lacrosse,8,mka,10,lightly_covered,settled,right,high,air,f,on_target
boys_lacrosse,8,mka,9,heavily_covered,settled,right,low,air,f,goal
boys_lacrosse,8,mka,5,lightly_covered,transition,right,high,air,t,goal
boys_lacrosse,8,opponent,3,lightly_covered,transition,right,low,air,f,on_target
boys_lacrosse,8,mka,2,heavily_covered,settled,right,low,air,t,off_target
boys_lacrosse,8,mka,19,lightly_covered,settled,right,low,air,t,off_target
boys_lacrosse,8,mka,6,heavily_covered,settled,right,low,bouncer,t,on_target
boys_lacrosse,8,mka,3,heavily_covered,settled,right,high,air,f,goal
boys_lacrosse,8,mka,9,lightly_covered,settled,right,high,bouncer,f,on_target
boys_lacrosse,8,mka,10,lightly_covered,settled,right,high,bouncer,f,on_target
boys_lacrosse,8,mka,2,lightly_covered,settled,right,high,air,t,on_target
boys_lacrosse,8,opponent,2,wide_open,settled,left,low,air,t,goal
boys_lacrosse,8,opponent,2,wide_open,settled,left,low,air,t,goal
boys_lacrosse,8,mka,3,lightly_covered,settled,right,low,air,f,goal
boys_lacrosse,8,mka,2,lightly_covered,settled,right,high,air,t,goal
boys_lacrosse,8,opponent,5,lightly_covered,transition,right,high,bouncer,f,goal
boys_lacrosse,8,mka,1,wide_open,settled,left,high,air,t,goal
boys_lacrosse,8,opponent,12,lightly_covered,settled,right,low,air,f,off_target
boys_lacrosse,8,opponent,3,heavily_covered,settled,right,high,air,f,on_target
boys_lacrosse,8,opponent,5,heavily_covered,settled,left,low,air,f,goal
boys_lacrosse,8,opponent,3,wide_open,settled,right,high,air,t,off_target
boys_lacrosse,8,opponent,7,lightly_covered,settled,right,high,air,f,on_target
boys_lacrosse,8,mka,7,wide_open,settled,right,high,air,t,on_target
boys_lacrosse,8,mka,6,lightly_covered,settled,right,high,air,t,off_target
boys_lacrosse,8,mka,3,heavily_covered,settled,right,high,air,f,off_target
boys_lacrosse,8,opponent,12,lightly_covered,settled,right,high,air,f,off_target
boys_lacrosse,8,opponent,5,heavily_covered,settled,right,low,air,f,on_target
boys_lacrosse,8,opponent,2,lightly_covered,settled,left,low,air,f,goal
boys_lacrosse,8,opponent,12,lightly_covered,settled,right,low,air,t,goal
boys_lacrosse,8,mka,5,lightly_covered,settled,right,low,air,f,goal
boys_lacrosse,9,opponent,4,wide_open,transition,left,low,air,t,goal
boys_lacrosse,9,opponent,19,lightly_covered,settled,right,low,air,f,on_target
boys_lacrosse,9,opponent,12,lightly_covered,man_up,right,high,air,t,off_target
boys_lacrosse,9,opponent,1,wide_open,man_up,left,high,air,t,on_target
boys_lacrosse,9,opponent,3,lightly_covered,man_up,right,low,bouncer,t,on_target
boys_lacrosse,9,opponent,17,wide_open,man_up,right,high,air,f,goal
boys_lacrosse,9,opponent,5,lightly_covered,settled,right,high,air,f,off_target
boys_lacrosse,9,opponent,7,heavily_covered,settled,right,low,air,t,off_target
boys_lacrosse,9,opponent,4,heavily_covered,settled,left,low,bouncer,f,off_target
boys_lacrosse,9,mka,7,wide_open,settled,right,low,air,t,off_target
boys_lacrosse,9,opponent,8,lightly_covered,settled,left,high,air,f,goal
boys_lacrosse,9,opponent,1,wide_open,settled,left,low,bouncer,t,goal
boys_lacrosse,9,mka,12,lightly_covered,transition,right,low,bouncer,f,off_target
boys_lacrosse,9,opponent,13,heavily_covered,settled,right,high,air,f,off_target
boys_lacrosse,9,opponent,8,wide_open,settled,right,high,air,t,goal
boys_lacrosse,9,opponent,15,wide_open,settled,right,high,air,t,off_target
boys_lacrosse,9,mka,4,wide_open,settled,right,high,air,f,off_target
boys_lacrosse,9,mka,10,heavily_covered,settled,right,high,air,f,off_target
boys_lacrosse,9,mka,8,heavily_covered,settled,right,low,bouncer,t,off_target
boys_lacrosse,9,mka,5,lightly_covered,transition,left,low,bouncer,t,goal
boys_lacrosse,9,opponent,19,wide_open,transition,right,low,air,f,on_target
boys_lacrosse,9,opponent,4,lightly_covered,settled,left,low,bouncer,f,goal
boys_lacrosse,9,mka,16,wide_open,settled,right,high,air,t,off_target
boys_lacrosse,9,opponent,2,wide_open,man_up,right,high,air,f,goal
boys_lacrosse,9,opponent,4,wide_open,settled,left,low,bouncer,f,on_target
boys_lacrosse,9,opponent,4,lightly_covered,settled,left,low,bouncer,f,goal
boys_lacrosse,9,mka,10,lightly_covered,settled,right,high,air,f,off_target
boys_lacrosse,9,mka,12,lightly_covered,settled,right,low,air,t,off_target
boys_lacrosse,9,mka,6,heavily_covered,settled,right,low,air,t,off_target
boys_lacrosse,9,opponent,6,heavily_covered,settled,right,low,bouncer,t,off_target
boys_lacrosse,9,opponent,4,lightly_covered,settled,left,low,bouncer,f,off_target
boys_lacrosse,9,mka,9,lightly_covered,settled,right,low,air,f,off_target
boys_lacrosse,9,mka,8,lightly_covered,transition,right,high,air,f,off_target
boys_lacrosse,9,opponent,4,lightly_covered,transition,left,low,bouncer,t,on_target
boys_lacrosse,9,mka,13,lightly_covered,transition,right,high,air,t,goal
boys_lacrosse,9,opponent,18,wide_open,transition,right,high,air,f,on_target
boys_lacrosse,9,mka,3,wide_open,transition,right,low,bouncer,t,goal
boys_lacrosse,9,opponent,10,lightly_covered,settled,right,high,air,t,off_target
boys_lacrosse,9,opponent,6,lightly_covered,settled,right,low,bouncer,t,on_target
boys_lacrosse,9,mka,4,wide_open,transition,left,high,air,t,on_target
boys_lacrosse,9,opponent,10,heavily_covered,settled,left,low,air,t,off_target
boys_lacrosse,9,opponent,17,lightly_covered,settled,left,low,air,f,goal
boys_lacrosse,9,mka,1,wide_open,transition,right,high,air,f,goal
boys_lacrosse,9,mka,11,lightly_covered,settled,right,high,air,f,off_target
boys_lacrosse,9,mka,10,lightly_covered,settled,right,low,air,f,off_target
boys_lacrosse,9,mka,5,heavily_covered,settled,right,high,air,f,off_target
boys_lacrosse,9,opponent,18,wide_open,transition,right,high,air,t,off_target
boys_lacrosse,9,opponent,8,lightly_covered,transition,right,high,air,t,on_target
boys_lacrosse,9,mka,19,lightly_covered,man_up,right,low,air,t,on_target
boys_lacrosse,9,opponent,15,wide_open,transition,right,high,air,f,off_target
boys_lacrosse,9,opponent,16,heavily_covered,settled,left,low,air,f,off_target
boys_lacrosse,9,opponent,16,lightly_covered,settled,right,low,air,f,off_target
boys_lacrosse,9,opponent,12,lightly_covered,settled,left,high,air,f,off_target
boys_lacrosse,9,opponent,4,lightly_covered,settled,left,high,air,f,off_target
boys_lacrosse,9,opponent,19,wide_open,settled,left,low,air,f,off_target
boys_lacrosse,9,opponent,19,lightly_covered,transition,right,high,air,f,goal
boys_lacrosse,9,opponent,5,lightly_covered,settled,left,high,air,t,off_target
boys_lacrosse,10,,,,,,,,,
boys_lacrosse,11,,,,,,,,,
boys_lacrosse,12,,,,,,,,,
boys_lacrosse,13,opponent,8,wide_open,transition,left,high,air,f,on_target
boys_lacrosse,13,mka,2,wide_open,transition,right,low,bouncer,t,goal
boys_lacrosse,13,opponent,3,heavily_covered,settled,right,low,bouncer,f,off_target
boys_lacrosse,13,mka,3,heavily_covered,settled,right,high,air,f,on_target
boys_lacrosse,13,opponent,8,heavily_covered,settled,right,high,air,f,on_target
boys_lacrosse,13,mka,4,lightly_covered,transition,left,low,bouncer,t,on_target
boys_lacrosse,13,mka,10,lightly_covered,settled,right,high,bouncer,f,goal
boys_lacrosse,13,opponent,8,heavily_covered,transition,right,high,air,f,on_target
boys_lacrosse,13,mka,11,lightly_covered,settled,left,high,air,f,goal
boys_lacrosse,13,opponent,8,lightly_covered,transition,right,low,bouncer,f,on_target
boys_lacrosse,13,mka,4,lightly_covered,settled,right,low,bouncer,f,on_target
boys_lacrosse,13,mka,3,lightly_covered,settled,right,high,air,f,goal
boys_lacrosse,13,mka,11,heavily_covered,settled,left,low,bouncer,t,on_target
boys_lacrosse,13,opponent,2,wide_open,settled,right,low,bouncer,t,goal
boys_lacrosse,13,mka,1,wide_open,man_up,right,high,air,t,on_target
boys_lacrosse,13,mka,8,lightly_covered,man_up,right,high,air,t,goal
boys_lacrosse,13,mka,3,lightly_covered,transition,right,low,bouncer,f,goal
boys_lacrosse,13,mka,3,wide_open,settled,right,high,air,f,goal
boys_lacrosse,13,mka,5,wide_open,settled,right,high,air,t,goal
boys_lacrosse,13,mka,5,heavily_covered,transition,right,high,air,f,off_target
boys_lacrosse,13,opponent,11,wide_open,transition,right,high,air,f,goal
boys_lacrosse,13,opponent,11,lightly_covered,settled,left,low,bouncer,t,goal
boys_lacrosse,13,mka,1,lightly_covered,transition,right,high,air,f,off_target
boys_lacrosse,13,opponent,7,heavily_covered,transition,left,low,bouncer,f,goal
boys_lacrosse,13,opponent,11,heavily_covered,settled,right,high,bouncer,f,on_target
boys_lacrosse,13,mka,12,lightly_covered,man_up,right,high,air,t,off_target
boys_lacrosse,13,mka,16,wide_open,man_up,left,high,air,f,goal
boys_lacrosse,13,mka,15,lightly_covered,settled,right,high,air,f,on_target
boys_lacrosse,13,opponent,12,lightly_covered,settled,right,low,bouncer,t,on_target
boys_lacrosse,13,opponent,2,lightly_covered,settled,right,low,bouncer,t,goal
boys_lacrosse,13,mka,8,lightly_covered,settled,left,high,air,f,on_target
boys_lacrosse,13,opponent,11,heavily_covered,man_up,right,high,air,f,goal
boys_lacrosse,13,mka,6,wide_open,man_down,right,high,air,t,goal
boys_lacrosse,13,mka,8,lightly_covered,settled,right,high,air,t,on_target
boys_lacrosse,13,mka,3,heavily_covered,settled,right,high,bouncer,t,off_target
boys_lacrosse,13,mka,8,lightly_covered,man_up,right,high,air,f,on_target
boys_lacrosse,13,mka,11,lightly_covered,man_up,right,high,air,t,off_target
boys_lacrosse,13,mka,10,wide_open,man_up,right,high,air,t,goal
boys_lacrosse,13,opponent,17,heavily_covered,settled,left,low,bouncer,f,on_target
boys_lacrosse,13,mka,8,wide_open,transition,left,low,bouncer,f,off_target
boys_lacrosse,13,mka,7,lightly_covered,settled,right,low,air,t,on_target
boys_lacrosse,13,opponent,7,wide_open,settled,left,high,air,t,off_target
boys_lacrosse,13,mka,19,wide_open,transition,right,high,bouncer,t,goal
boys_lacrosse,13,opponent,3,heavily_covered,settled,right,low,air,f,on_target
boys_lacrosse,13,mka,10,lightly_covered,transition,right,high,bouncer,f,goal
boys_lacrosse,13,opponent,4,heavily_covered,settled,left,low,bouncer,f,off_target
boys_lacrosse,13,opponent,12,lightly_covered,settled,right,high,bouncer,f,off_target
boys_lacrosse,13,opponent,1,lightly_covered,settled,left,low,bouncer,f,off_target
boys_lacrosse,13,opponent,11,heavily_covered,settled,left,low,bouncer,f,off_target
boys_lacrosse,13,opponent,7,lightly_covered,transition,right,high,air,t,goal
boys_lacrosse,13,opponent,4,lightly_covered,settled,right,high,air,f,on_target
boys_lacrosse,13,mka,19,wide_open,settled,right,high,bouncer,f,off_target
boys_lacrosse,13,mka,5,lightly_covered,settled,left,high,bouncer,f,goal
boys_lacrosse,13,mka,19,wide_open,settled,right,high,bouncer,f,off_target
boys_lacrosse,13,mka,11,lightly_covered,settled,left,high,air,f,off_target
boys_lacrosse,13,mka,2,wide_open,settled,right,low,bouncer,t,goal
boys_lacrosse,13,opponent,15,lightly_covered,settled,right,low,bouncer,t,on_target
boys_lacrosse,13,mka,19,wide_open,settled,right,high,air,f,goal
boys_lacrosse,13,opponent,6,wide_open,transition,right,low,air,f,goal
boys_lacrosse,13,opponent,7,lightly_covered,settled,left,low,bouncer,f,on_target
boys_lacrosse,13,mka,19,wide_open,settled,right,low,bouncer,f,off_target
boys_lacrosse,14,opponent,7,heavily_covered,settled,right,high,bouncer,f,on_target
boys_lacrosse,14,opponent,7,lightly_covered,settled,left,low,air,f,on_target
boys_lacrosse,14,opponent,5,lightly_covered,transition,right,high,bouncer,f,goal
boys_lacrosse,14,mka,2,lightly_covered,settled,left,low,bouncer,t,goal
boys_lacrosse,14,mka,10,heavily_covered,settled,left,high,air,f,off_target
boys_lacrosse,14,opponent,6,heavily_covered,settled,left,low,air,f,on_target
boys_lacrosse,14,mka,1,heavily_covered,settled,left,high,air,t,off_target
boys_lacrosse,14,mka,2,lightly_covered,settled,right,high,air,t,on_target
boys_lacrosse,14,mka,5,lightly_covered,settled,left,high,air,f,off_target
boys_lacrosse,14,opponent,5,lightly_covered,settled,right,high,air,t,on_target
boys_lacrosse,14,mka,5,heavily_covered,settled,right,low,bouncer,t,off_target
boys_lacrosse,14,mka,11,lightly_covered,transition,right,high,bouncer,t,on_target
boys_lacrosse,14,mka,5,heavily_covered,settled,left,high,air,f,on_target
boys_lacrosse,14,opponent,7,lightly_covered,settled,right,high,air,f,on_target
boys_lacrosse,14,mka,2,lightly_covered,transition,left,high,air,f,on_target
boys_lacrosse,14,mka,12,heavily_covered,transition,left,high,air,f,off_target
boys_lacrosse,14,mka,6,lightly_covered,settled,right,low,air,f,on_target
boys_lacrosse,14,opponent,2,wide_open,transition,right,high,air,f,goal
boys_lacrosse,14,opponent,5,lightly_covered,settled,right,high,air,f,on_target
boys_lacrosse,14,opponent,2,wide_open,transition,right,high,air,f,goal
boys_lacrosse,14,mka,3,heavily_covered,settled,right,high,air,t,on_target
boys_lacrosse,14,opponent,11,lightly_covered,settled,right,high,air,t,off_target
boys_lacrosse,14,opponent,10,lightly_covered,settled,left,high,air,f,off_target
boys_lacrosse,14,opponent,5,heavily_covered,settled,right,low,air,f,on_target
boys_lacrosse,14,opponent,3,lightly_covered,settled,right,low,air,f,goal
boys_lacrosse,14,opponent,7,wide_open,settled,right,high,air,f,goal
boys_lacrosse,14,opponent,3,lightly_covered,settled,right,low,bouncer,t,goal
boys_lacrosse,14,mka,5,lightly_covered,transition,left,high,bouncer,f,goal
boys_lacrosse,14,opponent,7,wide_open,transition,right,high,air,t,off_target
boys_lacrosse,14,opponent,3,lightly_covered,settled,right,low,air,f,on_target
boys_lacrosse,14,opponent,3,lightly_covered,man_down,right,low,bouncer,t,goal
boys_lacrosse,14,opponent,5,lightly_covered,settled,right,high,air,f,on_target
boys_lacrosse,14,mka,2,lightly_covered,settled,left,low,air,f,off_target
boys_lacrosse,14,mka,2,lightly_covered,settled,right,high,air,f,off_target
boys_lacrosse,14,mka,7,lightly_covered,man_up,right,low,bouncer,t,off_target
boys_lacrosse,14,mka,8,lightly_covered,man_up,right,low,air,t,off_target
boys_lacrosse,14,opponent,5,lightly_covered,transition,right,high,air,f,off_target
boys_lacrosse,14,mka,11,wide_open,transition,right,high,bouncer,f,on_target
boys_lacrosse,14,opponent,2,lightly_covered,transition,left,low,air,f,goal
boys_lacrosse,14,opponent,5,lightly_covered,settled,right,high,air,f,on_target
boys_lacrosse,14,opponent,2,lightly_covered,transition,right,high,air,f,goal
boys_lacrosse,14,mka,2,heavily_covered,settled,right,low,air,f,on_target
boys_lacrosse,14,opponent,5,lightly_covered,transition,right,high,bouncer,f,on_target
boys_lacrosse,14,opponent,7,heavily_covered,settled,right,low,air,f,on_target
boys_lacrosse,14,opponent,2,wide_open,transition,right,high,air,t,on_target
boys_lacrosse,14,mka,3,heavily_covered,settled,right,low,air,f,on_target
boys_lacrosse,14,opponent,7,heavily_covered,transition,right,low,air,f,on_target
boys_lacrosse,14,mka,11,lightly_covered,transition,right,low,bouncer,t,on_target
boys_lacrosse,14,mka,10,lightly_covered,settled,right,high,bouncer,t,off_target
boys_lacrosse,14,mka,5,lightly_covered,settled,right,high,air,f,goal
boys_lacrosse,14,mka,6,lightly_covered,settled,left,low,bouncer,t,on_target
boys_lacrosse,14,mka,3,wide_open,settled,right,high,air,t,off_target
boys_lacrosse,14,mka,12,lightly_covered,settled,left,high,air,t,off_target
boys_lacrosse,14,opponent,6,lightly_covered,transition,right,high,air,t,on_target
boys_lacrosse,14,mka,12,heavily_covered,transition,right,high,air,f,off_target
boys_lacrosse,14,mka,19,wide_open,transition,right,high,bouncer,f,goal
boys_lacrosse,14,mka,1,wide_open,settled,left,low,air,t,goal
boys_lacrosse,14,mka,12,heavily_covered,settled,left,high,bouncer,f,off_target
boys_lacrosse,14,mka,6,heavily_covered,settled,right,high,bouncer,t,on_target
boys_lacrosse,14,opponent,7,lightly_covered,settled,left,high,bouncer,t,off_target
boys_lacrosse,14,mka,16,heavily_covered,transition,right,low,air,f,on_target
boys_lacrosse,14,mka,1,heavily_covered,man_up,left,low,bouncer,t,off_target
boys_lacrosse,14,mka,4,lightly_covered,transition,left,high,air,t,off_target
boys_lacrosse,14,mka,7,heavily_covered,settled,right,high,air,t,goal
boys_lacrosse,14,opponent,5,wide_open,settled,right,low,bouncer,f,on_target
boys_lacrosse,14,opponent,3,heavily_covered,settled,right,low,bouncer,f,goal
boys_lacrosse,14,mka,11,lightly_covered,transition,right,high,air,t,off_target
boys_lacrosse,14,mka,5,heavily_covered,settled,right,high,air,f,off_target
boys_lacrosse,15,mka,11,lightly_covered,transition,right,low,bouncer,t,goal
boys_lacrosse,15,mka,1,lightly_covered,settled,left,low,bouncer,f,off_target
boys_lacrosse,15,mka,5,heavily_covered,settled,right,low,bouncer,f,off_target
boys_lacrosse,15,mka,16,lightly_covered,settled,right,high,air,f,on_target
boys_lacrosse,15,opponent,12,lightly_covered,settled,left,high,air,f,off_target
boys_lacrosse,15,mka,13,lightly_covered,settled,right,high,air,t,on_target
boys_lacrosse,15,opponent,10,lightly_covered,settled,right,low,bouncer,f,off_target
boys_lacrosse,15,opponent,6,lightly_covered,settled,left,low,bouncer,t,on_target
boys_lacrosse,15,mka,6,heavily_covered,settled,right,high,air,f,goal
boys_lacrosse,15,opponent,2,heavily_covered,settled,right,high,air,t,goal
boys_lacrosse,15,mka,16,wide_open,settled,right,high,air,t,goal
boys_lacrosse,15,opponent,12,lightly_covered,settled,right,low,air,t,off_target
boys_lacrosse,15,opponent,16,wide_open,settled,right,low,bouncer,t,goal
boys_lacrosse,15,opponent,12,lightly_covered,settled,left,low,bouncer,f,on_target
boys_lacrosse,15,mka,5,lightly_covered,settled,left,low,bouncer,t,on_target
boys_lacrosse,15,opponent,10,wide_open,transition,right,low,bouncer,f,off_target
boys_lacrosse,15,opponent,6,heavily_covered,settled,right,low,bouncer,f,on_target
boys_lacrosse,15,opponent,3,lightly_covered,settled,right,high,air,t,on_target
boys_lacrosse,15,mka,5,lightly_covered,settled,right,low,bouncer,f,off_target
boys_lacrosse,15,opponent,1,heavily_covered,settled,right,low,bouncer,t,off_target
boys_lacrosse,15,opponent,5,lightly_covered,settled,left,high,air,f,off_target
boys_lacrosse,15,opponent,5,lightly_covered,settled,left,high,air,t,on_target
boys_lacrosse,15,mka,4,heavily_covered,settled,left,high,bouncer,f,off_target
boys_lacrosse,15,mka,8,lightly_covered,settled,right,low,bouncer,t,off_target
boys_lacrosse,15,opponent,10,lightly_covered,settled,right,low,bouncer,f,on_target
boys_lacrosse,15,opponent,8,lightly_covered,settled,right,high,air,t,on_target
boys_lacrosse,15,mka,4,wide_open,settled,right,low,bouncer,t,goal
boys_lacrosse,15,opponent,10,heavily_covered,settled,right,low,bouncer,f,on_target
boys_lacrosse,15,opponent,11,lightly_covered,settled,right,low,bouncer,t,on_target
boys_lacrosse,15,opponent,12,wide_open,settled,left,high,air,t,off_target
boys_lacrosse,15,mka,11,lightly_covered,settled,left,high,air,f,off_target
boys_lacrosse,15,mka,11,lightly_covered,settled,left,high,air,t,off_target
boys_lacrosse,15,mka,8,wide_open,settled,right,high,air,t,goal
boys_lacrosse,15,opponent,12,lightly_covered,settled,right,low,air,t,off_target
boys_lacrosse,15,mka,11,lightly_covered,settled,left,high,air,t,off_target
boys_lacrosse,15,mka,11,lightly_covered,settled,right,high,air,t,off_target
boys_lacrosse,15,mka,9,heavily_covered,settled,right,high,air,f,off_target
boys_lacrosse,15,opponent,6,lightly_covered,transition,right,low,bouncer,f,off_target
boys_lacrosse,15,opponent,5,lightly_covered,man_up,left,high,air,t,goal
boys_lacrosse,15,mka,3,lightly_covered,settled,right,low,bouncer,f,on_target
boys_lacrosse,15,opponent,5,lightly_covered,man_up,left,high,air,t,off_target
boys_lacrosse,15,mka,19,wide_open,settled,left,high,air,f,off_target
boys_lacrosse,15,opponent,12,lightly_covered,settled,right,high,air,f,off_target
boys_lacrosse,15,opponent,8,lightly_covered,settled,right,low,bouncer,f,off_target
boys_lacrosse,15,opponent,12,lightly_covered,settled,left,high,air,f,on_target
boys_lacrosse,15,mka,6,lightly_covered,settled,right,low,bouncer,f,off_target
boys_lacrosse,15,mka,8,lightly_covered,settled,right,high,air,f,on_target
boys_lacrosse,15,opponent,10,lightly_covered,transition,right,low,bouncer,f,off_target
boys_lacrosse,15,opponent,7,lightly_covered,settled,right,high,air,t,on_target
boys_lacrosse,15,opponent,3,lightly_covered,settled,right,low,bouncer,f,on_target
boys_lacrosse,15,mka,11,lightly_covered,settled,left,high,air,f,on_target
boys_lacrosse,15,opponent,1,lightly_covered,man_up,right,high,air,t,on_target
boys_lacrosse,15,opponent,16,lightly_covered,man_up,right,low,bouncer,f,on_target
boys_lacrosse,16,mka,7,lightly_covered,settled,left,high,air,f,goal
boys_lacrosse,16,opponent,5,lightly_covered,transition,left,high,air,t,goal
boys_lacrosse,16,opponent,10,heavily_covered,settled,right,high,air,f,goal
boys_lacrosse,16,opponent,10,lightly_covered,settled,right,high,bouncer,f,on_target
boys_lacrosse,16,mka,6,lightly_covered,transition,right,high,bouncer,f,on_target
boys_lacrosse,16,mka,5,lightly_covered,settled,right,high,air,f,on_target
boys_lacrosse,16,mka,5,heavily_covered,settled,left,high,air,f,on_target
boys_lacrosse,16,opponent,2,heavily_covered,settled,right,low,bouncer,f,off_target
boys_lacrosse,16,opponent,6,lightly_covered,settled,right,high,air,f,goal
boys_lacrosse,16,opponent,1,heavily_covered,settled,right,high,air,f,goal
boys_lacrosse,16,mka,5,heavily_covered,settled,right,high,air,f,on_target
boys_lacrosse,16,mka,7,heavily_covered,settled,right,high,air,f,on_target
boys_lacrosse,16,opponent,10,lightly_covered,settled,right,high,bouncer,t,off_target
boys_lacrosse,16,opponent,3,heavily_covered,settled,right,high,air,f,on_target
boys_lacrosse,16,mka,5,lightly_covered,transition,right,high,air,t,on_target
boys_lacrosse,16,opponent,10,lightly_covered,settled,right,high,air,f,off_target
boys_lacrosse,16,opponent,4,lightly_covered,settled,right,low,air,f,goal
boys_lacrosse,16,mka,6,lightly_covered,settled,left,low,air,f,off_target
boys_lacrosse,16,opponent,3,heavily_covered,transition,right,low,bouncer,f,off_target
boys_lacrosse,16,opponent,7,lightly_covered,settled,left,high,air,f,on_target
boys_lacrosse,16,mka,6,lightly_covered,settled,right,high,bouncer,f,on_target
boys_lacrosse,16,mka,2,lightly_covered,settled,right,high,air,f,goal
boys_lacrosse,16,mka,6,wide_open,transition,right,high,air,t,goal
boys_lacrosse,16,opponent,11,lightly_covered,settled,right,high,air,f,on_target
boys_lacrosse,16,mka,2,wide_open,transition,left,low,air,t,on_target
boys_lacrosse,16,opponent,10,heavily_covered,transition,right,low,air,t,off_target
boys_lacrosse,16,mka,2,wide_open,settled,right,high,air,t,on_target
boys_lacrosse,16,mka,7,wide_open,transition,right,high,air,t,goal
boys_lacrosse,16,opponent,12,lightly_covered,man_down,right,high,air,t,off_target
boys_lacrosse,16,opponent,12,lightly_covered,man_down,right,high,air,t,off_target
boys_lacrosse,16,opponent,3,heavily_covered,man_down,right,high,air,t,on_target
boys_lacrosse,16,mka,2,lightly_covered,transition,right,high,air,t,goal
boys_lacrosse,16,mka,5,lightly_covered,settled,right,high,air,t,on_target
boys_lacrosse,16,mka,7,lightly_covered,settled,left,low,air,f,goal
boys_lacrosse,16,mka,16,lightly_covered,settled,right,low,air,f,goal
boys_lacrosse,16,mka,5,lightly_covered,transition,right,low,air,t,off_target
boys_lacrosse,16,mka,5,heavily_covered,settled,right,low,air,f,on_target
boys_lacrosse,16,opponent,2,wide_open,transition,right,high,air,t,on_target
boys_lacrosse,16,mka,3,heavily_covered,settled,right,high,air,f,on_target
boys_lacrosse,16,mka,6,wide_open,transition,right,low,air,t,goal
boys_lacrosse,16,opponent,11,lightly_covered,transition,right,high,air,f,off_target
boys_lacrosse,16,mka,11,wide_open,transition,right,high,bouncer,f,off_target
boys_lacrosse,16,mka,7,heavily_covered,settled,right,high,air,f,on_target
boys_lacrosse,16,mka,2,lightly_covered,settled,right,low,air,f,on_target
boys_lacrosse,16,mka,2,wide_open,settled,right,high,air,f,goal
boys_lacrosse,16,mka,11,lightly_covered,settled,left,high,bouncer,f,off_target
boys_lacrosse,16,mka,5,heavily_covered,settled,left,high,air,f,goal
boys_lacrosse,16,mka,3,lightly_covered,settled,right,high,air,t,on_target
boys_lacrosse,16,mka,3,lightly_covered,man_up,right,low,air,t,on_target
boys_lacrosse,16,mka,2,heavily_covered,man_up,right,high,air,t,on_target
boys_lacrosse,16,mka,11,lightly_covered,transition,left,high,bouncer,f,on_target
boys_lacrosse,16,opponent,5,lightly_covered,transition,right,high,bouncer,f,off_target
boys_lacrosse,16,opponent,10,heavily_covered,settled,right,high,air,f,on_target
boys_lacrosse,16,mka,5,heavily_covered,settled,right,high,bouncer,f,off_target
boys_lacrosse,16,mka,6,heavily_covered,settled,left,high,bouncer,f,off_target
boys_lacrosse,16,mka,5,heavily_covered,settled,left,low,air,f,on_target
boys_lacrosse,16,mka,2,wide_open,transition,left,high,air,t,goal
boys_lacrosse,16,opponent,7,lightly_covered,transition,right,high,air,t,on_target
boys_lacrosse,16,mka,11,wide_open,transition,left,high,air,f,goal
boys_lacrosse,16,mka,12,heavily_covered,transition,right,high,bouncer,t,off_target
boys_lacrosse,16,mka,5,lightly_covered,settled,right,high,air,t,on_target
boys_lacrosse,16,opponent,5,heavily_covered,settled,right,high,air,f,off_target
boys_lacrosse,16,mka,2,wide_open,transition,right,high,air,t,on_target
boys_lacrosse,16,mka,12,heavily_covered,settled,left,high,bouncer,t,off_target
boys_lacrosse,16,opponent,19,wide_open,transition,right,high,air,f,on_target
boys_lacrosse,16,mka,19,wide_open,transition,right,high,air,f,off_target
boys_lacrosse,16,mka,3,wide_open,settled,right,high,air,t,goal
boys_lacrosse,16,opponent,3,wide_open,transition,right,high,air,t,goal
boys_lacrosse,16,mka,10,heavily_covered,settled,right,high,air,f,on_target
boys_lacrosse,16,mka,6,wide_open,transition,right,low,air,f,goal
boys_lacrosse,16,mka,10,lightly_covered,settled,left,high,air,f,off_target
boys_lacrosse,16,opponent,6,lightly_covered,transition,right,high,bouncer,f,on_target
boys_lacrosse,16,opponent,19,heavily_covered,transition,right,low,air,f,on_target
boys_lacrosse,16,mka,10,heavily_covered,transition,right,high,air,t,on_target
boys_lacrosse,16,opponent,12,lightly_covered,transition,right,high,air,t,off_target
boys_lacrosse,16,opponent,3,wide_open,transition,right,high,air,t,goal
boys_lacrosse,16,opponent,7,heavily_covered,transition,left,high,bouncer,f,off_target
boys_lacrosse,16,opponent,11,heavily_covered,settled,right,high,air,f,on_target
boys_lacrosse,16,mka,12,lightly_covered,transition,right,high,bouncer,f,goal
boys_lacrosse,16,mka,12,lightly_covered,settled,right,high,air,f,on_target
boys_lacrosse,16,mka,5,heavily_covered,settled,right,high,bouncer,f,on_target
boys_lacrosse,16,mka,2,wide_open,transition,right,high,air,t,goal
boys_lacrosse,16,mka,3,wide_open,settled,right,high,air,t,on_target
boys_lacrosse,17,opponent,1,lightly_covered,transition,left,low,air,t,off_target
boys_lacrosse,17,opponent,1,lightly_covered,settled,left,high,air,f,off_target
boys_lacrosse,17,mka,2,wide_open,transition,right,low,air,t,goal
boys_lacrosse,17,opponent,12,wide_open,transition,right,low,bouncer,f,on_target
boys_lacrosse,17,mka,12,lightly_covered,settled,left,high,air,f,off_target
boys_lacrosse,17,mka,2,wide_open,settled,right,high,bouncer,t,goal
boys_lacrosse,17,mka,1,lightly_covered,transition,left,high,air,f,on_target
boys_lacrosse,17,mka,1,lightly_covered,transition,right,low,air,f,goal
boys_lacrosse,17,mka,5,lightly_covered,settled,right,high,air,f,off_target
boys_lacrosse,17,mka,7,heavily_covered,settled,right,low,air,f,on_target
boys_lacrosse,17,mka,10,lightly_covered,settled,right,high,air,f,goal
boys_lacrosse,17,mka,3,wide_open,transition,right,high,air,t,goal
boys_lacrosse,17,mka,8,lightly_covered,settled,left,low,bouncer,f,off_target
boys_lacrosse,17,mka,11,wide_open,settled,right,high,air,t,off_target
boys_lacrosse,17,mka,3,lightly_covered,settled,right,high,air,f,off_target
boys_lacrosse,17,opponent,10,lightly_covered,transition,right,low,bouncer,f,on_target
boys_lacrosse,17,opponent,17,heavily_covered,man_up,right,high,air,t,on_target
boys_lacrosse,17,mka,3,lightly_covered,settled,left,low,bouncer,f,goal
boys_lacrosse,17,mka,16,lightly_covered,settled,left,high,air,f,goal
boys_lacrosse,17,opponent,3,wide_open,transition,right,high,air,t,off_target
boys_lacrosse,17,mka,1,wide_open,transition,right,low,air,t,goal
boys_lacrosse,17,opponent,3,heavily_covered,settled,right,low,air,f,off_target
boys_lacrosse,17,mka,7,wide_open,transition,right,high,air,t,on_target
boys_lacrosse,17,mka,11,lightly_covered,settled,right,low,bouncer,t,goal
boys_lacrosse,17,mka,10,heavily_covered,transition,right,high,air,f,on_target
boys_lacrosse,17,mka,10,wide_open,man_up,left,high,air,t,goal
boys_lacrosse,17,mka,2,wide_open,transition,right,high,air,f,off_target
boys_lacrosse,17,mka,5,wide_open,transition,left,high,air,t,goal
boys_lacrosse,17,opponent,7,wide_open,transition,right,low,bouncer,t,goal
boys_lacrosse,17,mka,16,wide_open,transition,right,high,air,f,on_target
boys_lacrosse,17,opponent,1,wide_open,transition,left,high,air,t,off_target
boys_lacrosse,17,opponent,1,wide_open,settled,right,high,air,f,goal
boys_lacrosse,17,opponent,8,wide_open,transition,right,high,air,t,off_target
boys_lacrosse,17,opponent,8,lightly_covered,settled,right,high,bouncer,f,off_target
boys_lacrosse,17,opponent,12,wide_open,settled,right,low,bouncer,f,goal
boys_lacrosse,17,mka,2,wide_open,settled,right,low,air,t,goal
boys_lacrosse,17,opponent,6,heavily_covered,settled,left,high,air,f,on_target
boys_lacrosse,17,mka,5,heavily_covered,settled,right,high,bouncer,f,off_target
boys_lacrosse,17,mka,11,heavily_covered,settled,left,high,bouncer,f,goal
boys_lacrosse,17,mka,12,wide_open,transition,right,high,air,t,on_target
boys_lacrosse,17,mka,10,lightly_covered,settled,right,high,air,t,goal
boys_lacrosse,17,mka,17,wide_open,settled,right,high,air,t,off_target
boys_lacrosse,17,mka,2,wide_open,transition,right,low,air,t,goal
boys_lacrosse,17,mka,2,wide_open,settled,left,low,air,t,goal
boys_lacrosse,17,mka,5,wide_open,settled,right,high,air,f,off_target
boys_lacrosse,17,mka,16,lightly_covered,settled,right,low,bouncer,f,goal
boys_lacrosse,17,mka,6,heavily_covered,settled,right,high,air,f,goal
boys_lacrosse,17,opponent,7,heavily_covered,settled,left,high,bouncer,f,on_target
boys_lacrosse,17,opponent,3,heavily_covered,settled,right,low,air,f,off_target
boys_lacrosse,17,opponent,16,lightly_covered,settled,right,high,bouncer,t,off_target
boys_lacrosse,17,opponent,1,lightly_covered,settled,right,high,air,t,on_target
boys_lacrosse,17,opponent,3,heavily_covered,settled,left,low,bouncer,f,on_target
boys_lacrosse,17,mka,6,wide_open,settled,right,high,air,f,goal
boys_lacrosse,18,mka,3,lightly_covered,settled,right,low,bouncer,f,goal
boys_lacrosse,18,opponent,7,lightly_covered,transition,right,high,air,f,on_target
boys_lacrosse,18,opponent,1,lightly_covered,settled,left,low,air,f,goal
boys_lacrosse,18,opponent,12,lightly_covered,settled,left,high,air,f,off_target
boys_lacrosse,18,opponent,2,lightly_covered,settled,right,low,air,f,goal
boys_lacrosse,18,opponent,6,heavily_covered,settled,right,high,bouncer,f,off_target
boys_lacrosse,18,opponent,1,wide_open,settled,left,low,bouncer,t,goal
boys_lacrosse,18,opponent,5,heavily_covered,settled,right,high,bouncer,t,off_target
boys_lacrosse,18,opponent,10,lightly_covered,settled,right,low,bouncer,f,on_target
boys_lacrosse,18,opponent,4,lightly_covered,settled,right,high,air,f,off_target
boys_lacrosse,18,opponent,10,lightly_covered,settled,right,high,air,t,goal
boys_lacrosse,18,mka,6,lightly_covered,settled,right,high,bouncer,t,off_target
boys_lacrosse,18,mka,13,lightly_covered,settled,right,low,air,f,goal
boys_lacrosse,18,mka,13,lightly_covered,transition,right,high,air,t,off_target
boys_lacrosse,18,opponent,1,lightly_covered,settled,left,low,bouncer,f,on_target
boys_lacrosse,18,opponent,6,wide_open,transition,right,high,air,f,goal
boys_lacrosse,18,opponent,4,lightly_covered,settled,right,low,bouncer,f,off_target
boys_lacrosse,18,opponent,2,wide_open,settled,left,low,bouncer,f,goal
boys_lacrosse,18,opponent,12,lightly_covered,settled,right,high,air,t,off_target
boys_lacrosse,18,opponent,13,lightly_covered,settled,right,high,air,t,goal
boys_lacrosse,18,opponent,12,lightly_covered,settled,right,high,air,t,on_target
boys_lacrosse,18,opponent,11,lightly_covered,man_up,right,high,air,t,off_target
boys_lacrosse,18,opponent,4,wide_open,settled,left,high,air,t,off_target
boys_lacrosse,18,opponent,13,lightly_covered,settled,right,high,air,f,off_target
boys_lacrosse,18,opponent,5,lightly_covered,settled,left,high,air,t,off_target
boys_lacrosse,18,opponent,13,lightly_covered,settled,right,high,air,t,on_target
boys_lacrosse,18,mka,7,lightly_covered,settled,left,high,bouncer,f,off_target
boys_lacrosse,18,mka,4,lightly_covered,settled,right,low,bouncer,f,off_target
boys_lacrosse,18,opponent,13,lightly_covered,settled,right,high,air,t,on_target
boys_lacrosse,18,opponent,6,lightly_covered,transition,right,low,bouncer,f,on_target
boys_lacrosse,18,mka,1,wide_open,settled,right,high,air,t,goal
boys_lacrosse,18,opponent,12,lightly_covered,transition,right,high,air,t,on_target
boys_lacrosse,18,mka,5,lightly_covered,settled,right,low,bouncer,t,goal
boys_lacrosse,18,mka,10,lightly_covered,transition,right,low,bouncer,f,goal
boys_lacrosse,18,opponent,13,lightly_covered,settled,right,low,bouncer,t,off_target
boys_lacrosse,18,mka,8,heavily_covered,settled,right,high,air,f,off_target
boys_lacrosse,18,mka,19,wide_open,settled,left,high,air,f,off_target
boys_lacrosse,18,opponent,9,lightly_covered,settled,left,high,air,t,off_target
boys_lacrosse,18,opponent,4,lightly_covered,man_up,right,high,air,t,off_target
boys_lacrosse,18,mka,9,lightly_covered,transition,left,high,air,t,off_target
boys_lacrosse,18,mka,10,heavily_covered,settled,right,low,bouncer,f,off_target
boys_lacrosse,18,mka,12,wide_open,settled,right,high,air,t,off_target
boys_lacrosse,18,opponent,15,lightly_covered,settled,right,low,bouncer,t,off_target
boys_lacrosse,18,opponent,9,lightly_covered,settled,left,high,air,t,off_target
boys_lacrosse,18,opponent,2,wide_open,settled,right,low,bouncer,f,goal
boys_lacrosse,18,opponent,10,wide_open,settled,right,low,bouncer,t,goal
boys_lacrosse,18,opponent,1,wide_open,man_up,left,low,air,t,on_target
boys_lacrosse,18,opponent,3,wide_open,man_up,right,high,air,t,goal
boys_lacrosse,18,opponent,4,wide_open,man_up,left,high,air,t,off_target
boys_lacrosse,18,opponent,12,lightly_covered,man_up,right,high,air,t,on_target
boys_lacrosse,18,opponent,10,wide_open,man_up,right,high,air,t,on_target
boys_lacrosse,18,opponent,11,lightly_covered,settled,left,low,bouncer,f,goal
boys_lacrosse,18,opponent,10,heavily_covered,man_up,right,low,bouncer,f,off_target
boys_lacrosse,18,opponent,1,lightly_covered,man_up,left,low,air,f,goal
boys_lacrosse,18,mka,10,lightly_covered,settled,right,high,bouncer,f,off_target
boys_lacrosse,18,mka,11,lightly_covered,settled,right,low,air,f,goal
boys_lacrosse,18,opponent,6,heavily_covered,transition,right,high,air,f,off_target
boys_lacrosse,18,opponent,5,lightly_covered,settled,right,high,air,t,goal
boys_lacrosse,18,opponent,17,lightly_covered,settled,right,low,bouncer,t,off_target
boys_lacrosse,18,mka,13,lightly_covered,man_up,right,low,bouncer,t,off_target
boys_lacrosse,18,mka,1,heavily_covered,man_up,left,low,air,f,off_target
boys_lacrosse,18,mka,11,wide_open,transition,right,high,air,t,on_target
boys_lacrosse,18,opponent,6,heavily_covered,transition,right,low,air,f,goal
boys_lacrosse,18,opponent,10,lightly_covered,settled,right,low,air,t,on_target
boys_lacrosse,18,opponent,5,lightly_covered,settled,right,low,bouncer,t,goal
boys_lacrosse,18,opponent,11,wide_open,settled,right,high,air,f,goal
boys_lacrosse,18,opponent,4,wide_open,settled,right,high,air,f,off_target
boys_lacrosse,18,mka,8,lightly_covered,transition,right,high,air,t,off_target
boys_lacrosse,18,mka,7,heavily_covered,settled,right,high,air,f,off_target
boys_lacrosse,18,mka,10,lightly_covered,settled,right,high,air,t,off_target
boys_lacrosse,18,mka,9,heavily_covered,settled,right,high,air,f,goal
boys_lacrosse,18,opponent,1,heavily_covered,settled,left,high,bouncer,f,off_target
boys_lacrosse,18,opponent,12,lightly_covered,settled,right,high,air,t,off_target
boys_lacrosse,18,opponent,8,wide_open,man_up,right,high,air,t,goal
girls_lacrosse,1,mka,2,heavily_covered,penalty_shot,right,high,air,f,goal
girls_lacrosse,1,opponent,2,lightly_covered,settled,right,high,air,t,goal
girls_lacrosse,1,opponent,3,lightly_covered,settled,left,low,bouncer,t,goal
girls_lacrosse,1,opponent,6,wide_open,penalty_shot,right,low,air,f,on_target
girls_lacrosse,1,mka,2,wide_open,penalty_shot,right,low,air,f,goal
girls_lacrosse,1,opponent,1,wide_open,settled,left,low,bouncer,f,on_target
girls_lacrosse,1,opponent,2,wide_open,penalty_shot,left,low,air,t,goal
girls_lacrosse,1,opponent,2,wide_open,settled,right,low,air,t,off_target
girls_lacrosse,1,opponent,2,wide_open,settled,right,high,air,t,goal
girls_lacrosse,1,mka,5,lightly_covered,settled,right,low,air,f,on_target
girls_lacrosse,1,mka,2,lightly_covered,settled,left,low,air,t,on_target
girls_lacrosse,1,opponent,5,wide_open,settled,right,low,air,t,goal
girls_lacrosse,1,opponent,2,heavily_covered,settled,right,low,air,f,off_target
girls_lacrosse,1,opponent,1,lightly_covered,settled,right,high,bouncer,t,goal
girls_lacrosse,1,mka,3,wide_open,settled,right,low,air,t,on_target
girls_lacrosse,1,opponent,5,lightly_covered,settled,right,high,air,f,goal
girls_lacrosse,1,mka,3,heavily_covered,settled,right,high,air,f,off_target
girls_lacrosse,1,mka,1,wide_open,settled,right,high,air,t,goal
girls_lacrosse,1,opponent,5,lightly_covered,settled,right,high,air,f,on_target
girls_lacrosse,1,mka,6,heavily_covered,settled,right,low,air,t,on_target
girls_lacrosse,1,opponent,2,heavily_covered,settled,right,high,air,f,off_target
girls_lacrosse,1,opponent,2,heavily_covered,transition,right,high,air,f,off_target
girls_lacrosse,1,mka,1,lightly_covered,transition,left,high,air,t,goal
girls_lacrosse,1,mka,5,lightly_covered,transition,right,high,air,f,off_target
girls_lacrosse,1,mka,2,heavily_covered,transition,right,low,bouncer,f,on_target
girls_lacrosse,1,opponent,2,wide_open,transition,right,high,air,t,goal
girls_lacrosse,1,opponent,2,lightly_covered,transition,left,low,air,f,goal
girls_lacrosse,1,opponent,6,lightly_covered,transition,left,high,air,f,on_target
girls_lacrosse,1,mka,1,heavily_covered,transition,right,high,air,t,off_target
girls_lacrosse,1,opponent,3,lightly_covered,transition,left,low,air,t,goal
girls_lacrosse,1,mka,2,lightly_covered,penalty_shot,right,high,air,f,goal
girls_lacrosse,1,opponent,1,lightly_covered,penalty_shot,right,high,air,f,on_target
girls_lacrosse,1,mka,1,heavily_covered,transition,left,low,air,f,off_target
girls_lacrosse,1,opponent,2,lightly_covered,settled,right,high,air,f,goal
girls_lacrosse,1,opponent,3,lightly_covered,settled,right,high,air,f,on_target
girls_lacrosse,1,mka,1,lightly_covered,transition,right,low,bouncer,f,off_target
girls_lacrosse,1,mka,1,heavily_covered,transition,right,low,bouncer,f,goal
girls_lacrosse,1,mka,6,lightly_covered,settled,right,low,bouncer,t,off_target
girls_lacrosse,1,opponent,2,lightly_covered,settled,right,low,air,t,goal
girls_lacrosse,1,mka,5,lightly_covered,settled,right,low,air,f,on_target
girls_lacrosse,1,opponent,5,wide_open,settled,right,low,bouncer,f,off_target
girls_lacrosse,1,opponent,1,wide_open,settled,left,low,bouncer,t,on_target
girls_lacrosse,1,opponent,5,heavily_covered,settled,right,low,bouncer,t,on_target
girls_lacrosse,1,opponent,4,heavily_covered,settled,right,low,bouncer,t,goal
girls_lacrosse,1,mka,4,heavily_covered,transition,right,high,air,t,goal
girls_lacrosse,1,opponent,6,heavily_covered,settled,right,high,air,t,goal
girls_lacrosse,1,mka,1,wide_open,transition,left,high,air,t,goal
girls_lacrosse,1,opponent,2,wide_open,penalty_shot,right,high,air,f,goal
girls_lacrosse,2,opponent,5,heavily_covered,settled,right,low,air,f,goal
girls_lacrosse,2,mka,6,lightly_covered,settled,right,low,air,f,on_target
girls_lacrosse,2,opponent,5,heavily_covered,settled,right,high,air,f,on_target
girls_lacrosse,2,mka,6,wide_open,transition,right,low,bouncer,t,on_target
girls_lacrosse,2,mka,6,heavily_covered,penalty_shot,right,high,air,f,on_target
girls_lacrosse,2,mka,6,wide_open,penalty_shot,right,high,bouncer,f,goal
girls_lacrosse,2,mka,1,lightly_covered,settled,right,low,air,t,goal
girls_lacrosse,2,opponent,5,wide_open,penalty_shot,right,low,air,f,goal
girls_lacrosse,2,mka,3,lightly_covered,transition,left,low,air,t,goal
girls_lacrosse,2,mka,2,wide_open,transition,right,high,air,t,on_target
girls_lacrosse,2,opponent,5,wide_open,penalty_shot,right,low,air,f,off_target
girls_lacrosse,2,mka,7,heavily_covered,settled,right,high,air,t,goal
girls_lacrosse,2,opponent,3,lightly_covered,settled,right,low,bouncer,t,off_target
girls_lacrosse,2,mka,6,lightly_covered,settled,left,high,air,t,goal
girls_lacrosse,2,opponent,2,wide_open,settled,right,high,air,f,off_target
girls_lacrosse,2,opponent,2,heavily_covered,penalty_shot,right,high,air,f,goal
girls_lacrosse,2,mka,3,heavily_covered,penalty_shot,right,high,air,f,goal
girls_lacrosse,2,opponent,2,heavily_covered,transition,right,low,air,f,on_target
girls_lacrosse,2,opponent,2,heavily_covered,settled,right,low,air,f,on_target
girls_lacrosse,2,mka,2,lightly_covered,transition,right,high,air,t,goal
girls_lacrosse,2,mka,2,heavily_covered,settled,right,low,air,t,on_target
girls_lacrosse,2,mka,6,heavily_covered,settled,left,low,air,t,on_target
girls_lacrosse,2,opponent,2,heavily_covered,settled,right,high,air,t,on_target
girls_lacrosse,2,mka,2,heavily_covered,settled,left,low,air,f,goal
girls_lacrosse,2,opponent,6,heavily_covered,settled,right,high,air,f,on_target
girls_lacrosse,2,opponent,2,wide_open,penalty_shot,right,low,air,f,on_target
girls_lacrosse,2,mka,5,lightly_covered,transition,left,high,air,t,on_target
girls_lacrosse,2,mka,1,wide_open,settled,right,high,air,t,goal
girls_lacrosse,2,opponent,7,wide_open,penalty_shot,right,high,air,f,on_target
girls_lacrosse,2,mka,2,lightly_covered,transition,right,low,bouncer,t,on_target
girls_lacrosse,2,mka,7,heavily_covered,transition,left,high,air,t,goal
girls_lacrosse,2,mka,2,lightly_covered,penalty_shot,right,high,air,f,off_target
girls_lacrosse,2,mka,2,lightly_covered,transition,right,low,air,t,goal
girls_lacrosse,2,opponent,5,heavily_covered,transition,left,low,air,f,goal
girls_lacrosse,2,mka,5,heavily_covered,transition,right,high,air,f,on_target
girls_lacrosse,2,mka,7,lightly_covered,transition,left,high,air,f,goal
girls_lacrosse,2,mka,2,heavily_covered,transition,left,high,air,f,goal
girls_lacrosse,2,opponent,7,lightly_covered,penalty_shot,right,high,air,f,goal
girls_lacrosse,2,mka,6,lightly_covered,penalty_shot,right,low,air,f,on_target
girls_lacrosse,2,mka,2,wide_open,settled,right,low,air,t,goal
girls_lacrosse,2,mka,1,heavily_covered,transition,right,high,air,t,off_target
girls_lacrosse,2,mka,3,lightly_covered,settled,right,low,bouncer,f,goal
girls_lacrosse,2,mka,3,wide_open,transition,right,low,air,t,goal
girls_lacrosse,2,mka,2,lightly_covered,transition,left,low,air,t,goal
girls_lacrosse,2,opponent,2,wide_open,penalty_shot,right,low,air,f,goal
girls_lacrosse,2,mka,3,heavily_covered,settled,right,low,bouncer,f,goal
girls_lacrosse,2,mka,3,heavily_covered,transition,right,high,air,f,off_target
girls_lacrosse,3,opponent,3,lightly_covered,settled,right,low,air,f,on_target
girls_lacrosse,3,opponent,1,heavily_covered,settled,right,low,bouncer,f,goal
girls_lacrosse,3,opponent,2,heavily_covered,settled,left,high,air,f,on_target
girls_lacrosse,3,opponent,2,lightly_covered,settled,right,low,bouncer,t,on_target
girls_lacrosse,3,mka,5,wide_open,penalty_shot,right,high,bouncer,f,off_target
girls_lacrosse,3,mka,2,lightly_covered,settled,right,high,air,f,goal
girls_lacrosse,3,mka,6,heavily_covered,settled,right,high,air,f,off_target
girls_lacrosse,3,mka,2,lightly_covered,settled,right,low,air,f,goal
girls_lacrosse,3,mka,2,heavily_covered,penalty_shot,right,low,bouncer,f,goal
girls_lacrosse,3,opponent,5,wide_open,penalty_shot,right,high,air,f,goal
girls_lacrosse,3,opponent,6,wide_open,penalty_shot,right,low,air,f,goal
girls_lacrosse,3,opponent,6,heavily_covered,settled,right,low,air,t,goal
girls_lacrosse,3,mka,2,lightly_covered,transition,right,low,bouncer,f,off_target
girls_lacrosse,3,opponent,2,heavily_covered,settled,right,low,bouncer,t,on_target
girls_lacrosse,3,opponent,1,wide_open,penalty_shot,right,high,air,f,on_target
girls_lacrosse,3,opponent,1,lightly_covered,settled,left,high,air,t,off_target
girls_lacrosse,3,opponent,2,heavily_covered,settled,right,low,bouncer,t,goal
girls_lacrosse,3,mka,3,wide_open,penalty_shot,left,low,air,f,on_target
girls_lacrosse,3,opponent,1,heavily_covered,settled,right,high,air,t,off_target
girls_lacrosse,3,mka,2,lightly_covered,settled,right,low,bouncer,t,goal
girls_lacrosse,3,opponent,5,wide_open,penalty_shot,left,low,bouncer,f,goal
girls_lacrosse,3,mka,2,lightly_covered,settled,left,low,air,t,goal
girls_lacrosse,3,opponent,6,lightly_covered,transition,left,low,bouncer,f,off_target
girls_lacrosse,3,mka,3,heavily_covered,penalty_shot,left,high,air,f,on_target
girls_lacrosse,3,opponent,2,wide_open,transition,right,low,air,f,goal
girls_lacrosse,3,opponent,8,wide_open,transition,right,high,air,f,goal
girls_lacrosse,3,mka,5,heavily_covered,settled,right,high,air,t,goal
girls_lacrosse,3,mka,5,wide_open,penalty_shot,right,high,air,f,on_target
girls_lacrosse,3,mka,2,wide_open,penalty_shot,right,low,bouncer,t,on_target
girls_lacrosse,3,mka,5,heavily_covered,settled,left,high,air,f,goal
girls_lacrosse,3,opponent,6,heavily_covered,settled,right,high,air,f,goal
girls_lacrosse,3,opponent,8,heavily_covered,settled,left,high,bouncer,f,goal
girls_lacrosse,3,mka,2,wide_open,penalty_shot,right,low,bouncer,f,on_target
girls_lacrosse,3,mka,2,heavily_covered,settled,right,low,bouncer,t,off_target
girls_lacrosse,3,mka,2,lightly_covered,settled,right,low,air,f,goal
girls_lacrosse,3,mka,6,heavily_covered,settled,left,low,air,t,on_target
girls_lacrosse,3,opponent,3,wide_open,settled,right,high,air,f,goal
girls_lacrosse,4,opponent,7,heavily_covered,settled,right,low,bouncer,f,goal
girls_lacrosse,4,mka,1,wide_open,transition,right,low,bouncer,f,off_target
girls_lacrosse,4,mka,6,wide_open,settled,right,low,air,t,goal
girls_lacrosse,4,opponent,2,lightly_covered,settled,right,low,air,t,on_target
girls_lacrosse,4,mka,2,lightly_covered,settled,left,low,bouncer,f,on_target
girls_lacrosse,4,opponent,7,heavily_covered,settled,right,low,air,f,goal
girls_lacrosse,4,mka,6,lightly_covered,settled,right,low,air,t,on_target
girls_lacrosse,4,opponent,6,lightly_covered,transition,right,low,air,f,goal
girls_lacrosse,4,mka,2,heavily_covered,settled,right,high,air,f,goal
girls_lacrosse,4,opponent,2,wide_open,transition,right,low,air,f,goal
girls_lacrosse,4,opponent,6,heavily_covered,settled,right,high,air,f,on_target
girls_lacrosse,4,mka,2,wide_open,settled,right,low,air,t,goal
girls_lacrosse,4,mka,3,lightly_covered,transition,left,high,air,f,goal
girls_lacrosse,4,mka,1,lightly_covered,settled,left,low,bouncer,f,goal
girls_lacrosse,4,opponent,2,heavily_covered,settled,right,low,bouncer,t,on_target
girls_lacrosse,4,mka,7,lightly_covered,settled,right,high,air,f,goal
girls_lacrosse,4,mka,2,lightly_covered,settled,right,low,bouncer,t,goal
girls_lacrosse,4,mka,2,lightly_covered,settled,left,low,bouncer,t,goal
girls_lacrosse,4,mka,5,lightly_covered,settled,right,high,air,t,goal
girls_lacrosse,4,mka,6,lightly_covered,settled,left,high,air,t,on_target
girls_lacrosse,4,mka,6,heavily_covered,settled,left,low,air,t,goal
girls_lacrosse,4,opponent,7,heavily_covered,settled,left,high,air,f,on_target
girls_lacrosse,4,mka,2,lightly_covered,transition,right,high,air,f,goal
girls_lacrosse,4,mka,5,lightly_covered,settled,right,high,air,f,on_target
girls_lacrosse,4,opponent,6,lightly_covered,settled,right,low,air,t,goal
girls_lacrosse,4,opponent,5,wide_open,penalty_shot,right,low,bouncer,f,on_target
girls_lacrosse,4,opponent,5,wide_open,penalty_shot,right,low,bouncer,f,off_target
girls_lacrosse,4,mka,7,lightly_covered,transition,right,high,air,t,on_target
girls_lacrosse,4,opponent,7,lightly_covered,settled,right,low,air,t,on_target
girls_lacrosse,4,opponent,5,lightly_covered,settled,right,low,air,f,on_target
girls_lacrosse,4,mka,6,wide_open,settled,right,low,air,t,on_target
girls_lacrosse,4,mka,6,heavily_covered,settled,right,high,air,t,goal
girls_lacrosse,4,mka,2,lightly_covered,settled,right,high,air,t,goal
girls_lacrosse,4,opponent,3,lightly_covered,settled,right,high,air,f,off_target
girls_lacrosse,4,mka,2,wide_open,penalty_shot,right,low,air,f,goal
girls_lacrosse,4,mka,6,heavily_covered,settled,right,high,air,f,on_target
girls_lacrosse,4,opponent,8,heavily_covered,settled,left,high,air,f,on_target
girls_lacrosse,4,mka,1,lightly_covered,transition,left,high,air,t,off_target
girls_lacrosse,4,mka,2,heavily_covered,settled,right,high,air,t,off_target
girls_lacrosse,4,mka,1,lightly_covered,settled,right,low,air,t,goal
girls_lacrosse,4,mka,1,wide_open,settled,right,low,air,t,goal
girls_lacrosse,4,mka,2,lightly_covered,transition,right,low,air,f,goal
girls_lacrosse,4,mka,5,wide_open,settled,right,low,air,t,goal
girls_lacrosse,4,mka,2,lightly_covered,settled,right,low,air,f,goal
girls_lacrosse,5,mka,2,wide_open,transition,right,low,air,t,goal
girls_lacrosse,5,mka,3,lightly_covered,transition,right,high,air,t,goal
girls_lacrosse,5,mka,2,wide_open,settled,right,high,air,t,on_target
girls_lacrosse,5,mka,1,lightly_covered,penalty_shot,right,low,bouncer,f,goal
girls_lacrosse,5,mka,1,lightly_covered,settled,left,high,air,t,goal
girls_lacrosse,5,mka,2,wide_open,penalty_shot,right,low,bouncer,f,on_target
girls_lacrosse,5,mka,3,lightly_covered,penalty_shot,right,low,bouncer,f,off_target
girls_lacrosse,5,mka,5,heavily_covered,settled,right,low,air,t,goal
girls_lacrosse,5,mka,1,lightly_covered,settled,right,low,air,t,on_target
girls_lacrosse,5,opponent,5,lightly_covered,transition,right,low,air,f,on_target
girls_lacrosse,5,mka,7,lightly_covered,transition,right,low,air,t,goal
girls_lacrosse,5,opponent,2,lightly_covered,penalty_shot,right,low,air,f,on_target
girls_lacrosse,5,mka,2,wide_open,transition,right,high,air,t,goal
girls_lacrosse,5,opponent,5,heavily_covered,settled,right,low,air,f,on_target
girls_lacrosse,5,opponent,3,lightly_covered,settled,right,low,air,f,goal
girls_lacrosse,5,mka,5,lightly_covered,settled,right,high,air,f,on_target
girls_lacrosse,5,opponent,2,lightly_covered,transition,right,low,bouncer,f,goal
girls_lacrosse,5,mka,5,wide_open,transition,right,high,air,t,goal
girls_lacrosse,5,opponent,1,lightly_covered,transition,right,high,air,f,on_target
girls_lacrosse,5,mka,7,heavily_covered,transition,right,high,air,f,on_target
girls_lacrosse,5,mka,2,lightly_covered,transition,right,low,air,f,goal
girls_lacrosse,5,mka,2,wide_open,penalty_shot,right,high,air,f,goal
girls_lacrosse,5,mka,3,lightly_covered,transition,right,high,air,t,on_target
girls_lacrosse,5,mka,3,lightly_covered,transition,right,high,air,t,goal
girls_lacrosse,5,mka,2,heavily_covered,penalty_shot,right,high,air,f,on_target
girls_lacrosse,5,mka,1,lightly_covered,settled,right,low,bouncer,t,goal
girls_lacrosse,5,mka,3,wide_open,transition,right,low,bouncer,t,goal
girls_lacrosse,5,mka,2,heavily_covered,transition,right,high,air,t,on_target
girls_lacrosse,5,mka,6,wide_open,transition,right,low,bouncer,f,goal
girls_lacrosse,5,mka,2,lightly_covered,transition,right,low,air,t,goal
girls_lacrosse,5,opponent,5,lightly_covered,penalty_shot,right,low,air,f,off_target
girls_lacrosse,5,opponent,3,wide_open,settled,right,high,air,f,on_target
girls_lacrosse,5,opponent,1,lightly_covered,settled,right,high,air,f,on_target
girls_lacrosse,5,opponent,2,heavily_covered,settled,right,high,air,f,off_target
girls_lacrosse,5,opponent,2,lightly_covered,settled,right,low,air,f,on_target
girls_lacrosse,5,mka,3,wide_open,transition,right,high,air,t,off_target
girls_lacrosse,5,mka,7,heavily_covered,settled,left,low,bouncer,t,goal
girls_lacrosse,5,mka,5,lightly_covered,settled,right,low,bouncer,t,goal
girls_lacrosse,5,opponent,2,heavily_covered,settled,right,low,air,t,goal
girls_lacrosse,5,mka,2,wide_open,transition,right,high,air,t,goal
girls_lacrosse,6,mka,2,heavily_covered,settled,right,high,air,t,on_target
girls_lacrosse,6,opponent,3,lightly_covered,penalty_shot,right,low,bouncer,f,on_target
girls_lacrosse,6,opponent,1,lightly_covered,penalty_shot,right,low,air,f,goal
girls_lacrosse,6,mka,2,wide_open,settled,right,low,air,t,goal
girls_lacrosse,6,opponent,5,heavily_covered,settled,right,low,air,t,on_target
girls_lacrosse,6,mka,1,wide_open,transition,right,high,air,f,goal
girls_lacrosse,6,mka,5,heavily_covered,settled,right,high,air,f,goal
girls_lacrosse,6,mka,3,lightly_covered,settled,left,low,bouncer,f,goal
girls_lacrosse,6,mka,6,lightly_covered,penalty_shot,left,high,air,f,goal
girls_lacrosse,6,mka,3,heavily_covered,settled,right,low,bouncer,f,goal
girls_lacrosse,6,mka,3,lightly_covered,penalty_shot,right,high,air,f,on_target
girls_lacrosse,6,mka,3,wide_open,transition,left,low,air,f,goal
girls_lacrosse,6,opponent,7,heavily_covered,settled,right,low,air,f,off_target
girls_lacrosse,6,mka,6,wide_open,transition,right,low,air,t,goal
girls_lacrosse,6,opponent,1,lightly_covered,transition,left,low,air,f,goal
girls_lacrosse,6,mka,2,lightly_covered,settled,right,low,air,f,on_target
girls_lacrosse,6,opponent,6,lightly_covered,settled,right,high,air,t,goal
girls_lacrosse,6,opponent,6,wide_open,penalty_shot,right,low,air,f,off_target
girls_lacrosse,6,opponent,8,wide_open,settled,left,low,air,t,off_target
girls_lacrosse,6,mka,2,wide_open,settled,right,low,air,f,on_target
girls_lacrosse,6,mka,2,lightly_covered,settled,right,low,air,t,goal
girls_lacrosse,6,mka,3,wide_open,transition,left,low,air,t,on_target
girls_lacrosse,6,mka,2,wide_open,settled,right,low,air,t,on_target
girls_lacrosse,6,mka,2,lightly_covered,settled,right,low,bouncer,f,on_target
girls_lacrosse,6,mka,2,wide_open,penalty_shot,right,low,air,f,on_target
girls_lacrosse,6,mka,2,heavily_covered,penalty_shot,right,low,bouncer,f,on_target
girls_lacrosse,6,mka,6,wide_open,penalty_shot,right,low,bouncer,f,on_target
girls_lacrosse,6,mka,3,lightly_covered,settled,right,low,bouncer,f,off_target
girls_lacrosse,6,opponent,3,wide_open,settled,right,low,bouncer,t,goal
girls_lacrosse,6,mka,2,lightly_covered,settled,right,high,air,t,off_target
girls_lacrosse,6,mka,5,lightly_covered,settled,right,high,air,f,on_target
girls_lacrosse,6,mka,5,heavily_covered,settled,right,high,air,f,goal
girls_lacrosse,6,opponent,5,wide_open,settled,right,low,air,t,goal
girls_lacrosse,6,opponent,6,wide_open,penalty_shot,right,high,air,f,goal
girls_lacrosse,6,opponent,3,wide_open,transition,right,low,bouncer,t,goal
girls_lacrosse,6,mka,1,lightly_covered,penalty_shot,right,low,bouncer,f,on_target
girls_lacrosse,6,mka,6,lightly_covered,settled,right,low,bouncer,t,goal
girls_lacrosse,6,opponent,3,lightly_covered,transition,right,low,air,f,goal
girls_lacrosse,6,mka,2,lightly_covered,transition,left,low,air,t,goal
girls_lacrosse,6,mka,1,wide_open,settled,left,high,air,t,on_target
girls_lacrosse,6,opponent,2,wide_open,transition,left,low,bouncer,t,goal
girls_lacrosse,6,opponent,5,lightly_covered,transition,left,low,air,t,off_target
girls_lacrosse,6,opponent,5,wide_open,transition,right,high,air,f,on_target
girls_lacrosse,6,mka,1,wide_open,settled,right,high,air,t,off_target
girls_lacrosse,6,mka,2,lightly_covered,settled,right,low,air,t,goal
girls_lacrosse,6,mka,5,lightly_covered,settled,right,high,bouncer,t,off_target
girls_lacrosse,6,mka,6,heavily_covered,settled,left,low,air,t,goal
girls_lacrosse,7,mka,6,heavily_covered,settled,right,low,air,f,off_target
girls_lacrosse,7,opponent,6,lightly_covered,settled,left,high,air,f,off_target
girls_lacrosse,7,mka,2,wide_open,settled,right,high,air,t,off_target
girls_lacrosse,7,mka,2,wide_open,settled,right,high,air,f,off_target
girls_lacrosse,7,mka,2,lightly_covered,settled,left,low,air,f,goal
girls_lacrosse,7,opponent,3,lightly_covered,settled,left,high,air,f,goal
girls_lacrosse,7,mka,1,lightly_covered,transition,right,high,air,f,off_target
girls_lacrosse,7,opponent,6,lightly_covered,settled,right,low,bouncer,f,goal
girls_lacrosse,7,opponent,1,heavily_covered,transition,left,low,bouncer,t,on_target
girls_lacrosse,7,opponent,2,heavily_covered,penalty_shot,right,low,bouncer,f,goal
girls_lacrosse,7,opponent,2,wide_open,settled,right,high,air,t,on_target
girls_lacrosse,7,opponent,1,lightly_covered,penalty_shot,right,low,bouncer,f,off_target
girls_lacrosse,7,mka,6,lightly_covered,transition,left,high,air,t,on_target
girls_lacrosse,7,opponent,7,lightly_covered,transition,right,high,air,f,on_target
girls_lacrosse,7,opponent,2,wide_open,settled,right,high,air,f,goal
girls_lacrosse,7,mka,1,lightly_covered,penalty_shot,right,low,air,f,goal
girls_lacrosse,7,mka,2,lightly_covered,transition,right,low,bouncer,f,off_target
girls_lacrosse,7,mka,2,lightly_covered,transition,right,high,air,t,goal
girls_lacrosse,7,mka,3,lightly_covered,transition,left,low,bouncer,f,goal
girls_lacrosse,7,mka,2,lightly_covered,transition,right,low,air,t,on_target
girls_lacrosse,7,mka,3,heavily_covered,settled,right,high,air,f,goal
girls_lacrosse,7,mka,6,heavily_covered,settled,right,low,air,t,goal
girls_lacrosse,7,mka,5,wide_open,settled,right,high,air,t,goal
girls_lacrosse,7,mka,2,heavily_covered,settled,right,low,air,f,goal
girls_lacrosse,7,opponent,3,lightly_covered,settled,left,low,air,f,on_target
girls_lacrosse,7,opponent,6,lightly_covered,settled,left,high,air,f,on_target
girls_lacrosse,7,mka,6,heavily_covered,settled,left,high,air,f,on_target
girls_lacrosse,7,mka,9,heavily_covered,transition,right,low,bouncer,t,off_target
girls_lacrosse,7,mka,1,lightly_covered,settled,right,high,air,t,goal
girls_lacrosse,7,mka,2,wide_open,transition,right,low,air,f,goal
girls_lacrosse,7,mka,5,heavily_covered,penalty_shot,right,low,bouncer,f,goal
girls_lacrosse,7,mka,7,lightly_covered,transition,right,high,air,f,goal
girls_lacrosse,7,mka,1,lightly_covered,settled,left,low,bouncer,f,goal
girls_lacrosse,7,mka,6,lightly_covered,settled,right,high,bouncer,t,on_target
girls_lacrosse,7,opponent,2,heavily_covered,transition,right,low,bouncer,t,off_target
girls_lacrosse,7,opponent,7,heavily_covered,transition,right,high,air,t,off_target
girls_lacrosse,7,mka,6,heavily_covered,settled,right,high,air,t,goal
girls_lacrosse,7,mka,1,wide_open,settled,right,high,air,t,on_target
girls_lacrosse,7,mka,2,wide_open,transition,right,low,bouncer,t,goal
girls_lacrosse,7,opponent,2,lightly_covered,penalty_shot,right,high,air,f,goal
girls_lacrosse,7,opponent,2,lightly_covered,penalty_shot,right,low,bouncer,f,goal
girls_lacrosse,7,mka,2,lightly_covered,penalty_shot,right,low,bouncer,f,goal
girls_lacrosse,8,mka,5,lightly_covered,settled,right,high,bouncer,t,off_target
girls_lacrosse,8,mka,6,wide_open,penalty_shot,right,low,bouncer,f,goal
girls_lacrosse,8,mka,3,heavily_covered,settled,right,high,air,t,on_target
girls_lacrosse,8,mka,1,lightly_covered,penalty_shot,right,high,air,f,goal
girls_lacrosse,8,opponent,2,lightly_covered,penalty_shot,right,low,bouncer,f,goal
girls_lacrosse,8,opponent,1,lightly_covered,settled,left,low,bouncer,t,on_target
girls_lacrosse,8,mka,6,heavily_covered,settled,left,low,air,t,on_target
girls_lacrosse,8,opponent,3,lightly_covered,settled,left,high,air,t,on_target
girls_lacrosse,8,mka,2,lightly_covered,penalty_shot,right,high,air,f,goal
girls_lacrosse,8,mka,3,heavily_covered,settled,right,low,bouncer,t,goal
girls_lacrosse,8,mka,2,wide_open,transition,right,low,air,t,goal
girls_lacrosse,8,opponent,1,lightly_covered,transition,right,low,air,t,on_target
girls_lacrosse,8,mka,1,heavily_covered,transition,right,low,bouncer,f,off_target
girls_lacrosse,8,mka,6,lightly_covered,penalty_shot,right,low,air,f,goal
girls_lacrosse,8,opponent,7,wide_open,penalty_shot,right,high,air,f,goal
girls_lacrosse,8,opponent,2,wide_open,settled,right,high,air,t,goal
girls_lacrosse,8,opponent,7,lightly_covered,transition,left,high,air,t,off_target
girls_lacrosse,8,opponent,4,lightly_covered,settled,right,low,bouncer,t,off_target
girls_lacrosse,8,opponent,6,wide_open,settled,right,high,air,t,goal
girls_lacrosse,8,mka,4,wide_open,settled,right,high,air,t,on_target
girls_lacrosse,8,opponent,6,wide_open,transition,right,high,air,t,goal
girls_lacrosse,8,opponent,5,heavily_covered,settled,right,low,bouncer,f,on_target
girls_lacrosse,8,mka,6,lightly_covered,transition,right,high,air,t,on_target
girls_lacrosse,8,mka,2,lightly_covered,transition,left,high,air,f,on_target
girls_lacrosse,8,opponent,2,lightly_covered,penalty_shot,right,low,bouncer,f,off_target
girls_lacrosse,8,mka,9,lightly_covered,transition,right,high,air,t,off_target
girls_lacrosse,8,opponent,3,heavily_covered,settled,left,low,air,f,on_target
girls_lacrosse,8,opponent,2,lightly_covered,transition,left,low,air,t,goal
girls_lacrosse,8,opponent,1,lightly_covered,transition,right,high,air,t,off_target
girls_lacrosse,8,opponent,2,lightly_covered,settled,left,high,air,f,off_target
girls_lacrosse,8,opponent,7,wide_open,penalty_shot,right,high,air,f,off_target
girls_lacrosse,8,opponent,2,lightly_covered,settled,left,high,air,f,goal
girls_lacrosse,8,mka,1,heavily_covered,settled,right,high,air,t,off_target
girls_lacrosse,9,opponent,5,lightly_covered,settled,left,low,bouncer,t,on_target
girls_lacrosse,9,opponent,1,heavily_covered,penalty_shot,left,high,air,f,goal
girls_lacrosse,9,opponent,2,lightly_covered,settled,right,high,air,t,on_target
girls_lacrosse,9,opponent,5,heavily_covered,settled,right,high,air,t,on_target
girls_lacrosse,9,mka,3,heavily_covered,settled,right,low,bouncer,t,on_target
girls_lacrosse,9,opponent,2,wide_open,settled,right,low,bouncer,t,on_target
girls_lacrosse,9,opponent,2,wide_open,penalty_shot,left,low,air,t,on_target
girls_lacrosse,9,mka,2,heavily_covered,transition,left,high,air,t,goal
girls_lacrosse,9,opponent,2,lightly_covered,settled,right,low,bouncer,f,on_target
girls_lacrosse,9,opponent,2,heavily_covered,settled,right,high,air,f,on_target
girls_lacrosse,9,opponent,8,lightly_covered,settled,left,low,bouncer,f,on_target
girls_lacrosse,9,mka,7,lightly_covered,penalty_shot,right,high,bouncer,f,goal
girls_lacrosse,9,opponent,9,lightly_covered,transition,right,low,bouncer,f,off_target
girls_lacrosse,9,opponent,6,lightly_covered,transition,left,high,air,t,goal
girls_lacrosse,9,opponent,7,lightly_covered,transition,left,high,air,f,goal
girls_lacrosse,9,opponent,4,lightly_covered,penalty_shot,right,low,bouncer,f,goal
girls_lacrosse,9,opponent,5,wide_open,settled,right,high,air,t,goal
girls_lacrosse,9,opponent,5,lightly_covered,settled,right,high,air,f,goal
girls_lacrosse,9,opponent,8,lightly_covered,settled,right,low,bouncer,f,on_target
girls_lacrosse,9,opponent,2,wide_open,settled,left,low,bouncer,f,goal
girls_lacrosse,9,opponent,5,lightly_covered,penalty_shot,left,high,air,f,goal
girls_lacrosse,9,opponent,6,wide_open,penalty_shot,right,low,air,f,on_target
girls_lacrosse,9,mka,2,wide_open,settled,right,low,air,t,goal
girls_lacrosse,9,mka,6,lightly_covered,settled,left,low,air,t,on_target
girls_lacrosse,9,opponent,6,lightly_covered,settled,left,high,air,t,on_target
girls_lacrosse,9,mka,2,heavily_covered,settled,right,low,bouncer,t,goal
girls_lacrosse,9,mka,2,wide_open,transition,right,low,air,f,goal
girls_lacrosse,9,opponent,6,wide_open,penalty_shot,right,low,bouncer,f,on_target
girls_lacrosse,9,opponent,1,heavily_covered,settled,left,low,bouncer,f,goal
girls_lacrosse,9,mka,6,wide_open,penalty_shot,right,high,bouncer,f,goal
girls_lacrosse,9,mka,5,lightly_covered,settled,right,high,air,t,off_target
girls_lacrosse,9,mka,5,heavily_covered,settled,right,low,bouncer,t,goal
girls_lacrosse,9,opponent,9,wide_open,settled,right,low,bouncer,t,on_target
girls_lacrosse,10,mka,7,heavily_covered,settled,right,high,air,t,goal
girls_lacrosse,10,opponent,5,wide_open,settled,right,high,air,t,on_target
girls_lacrosse,10,mka,5,lightly_covered,transition,right,high,air,f,goal
girls_lacrosse,10,opponent,2,lightly_covered,settled,right,high,air,t,on_target
girls_lacrosse,10,mka,6,lightly_covered,settled,right,low,bouncer,t,goal
girls_lacrosse,10,opponent,5,lightly_covered,penalty_shot,right,low,bouncer,f,off_target
girls_lacrosse,10,mka,2,wide_open,transition,left,high,air,t,on_target
girls_lacrosse,10,opponent,2,lightly_covered,settled,right,high,air,t,goal
girls_lacrosse,10,opponent,2,lightly_covered,settled,right,high,air,f,on_target
girls_lacrosse,10,mka,5,lightly_covered,settled,right,low,bouncer,t,goal
girls_lacrosse,10,opponent,9,lightly_covered,penalty_shot,right,high,air,f,off_target
girls_lacrosse,10,opponent,9,lightly_covered,penalty_shot,right,high,air,f,off_target
girls_lacrosse,10,mka,7,lightly_covered,transition,left,low,air,t,goal
girls_lacrosse,10,mka,3,lightly_covered,transition,left,high,air,t,goal
girls_lacrosse,10,mka,2,lightly_covered,transition,left,low,air,f,on_target
girls_lacrosse,10,mka,2,heavily_covered,settled,right,low,bouncer,t,goal
girls_lacrosse,10,opponent,2,lightly_covered,settled,right,low,air,t,off_target
girls_lacrosse,10,opponent,1,lightly_covered,transition,right,high,air,t,off_target
girls_lacrosse,10,mka,2,lightly_covered,transition,right,high,air,t,goal
girls_lacrosse,10,mka,2,heavily_covered,transition,left,high,air,f,off_target
girls_lacrosse,10,mka,3,lightly_covered,transition,left,high,air,t,goal
girls_lacrosse,10,mka,7,lightly_covered,settled,left,high,air,t,on_target
girls_lacrosse,10,mka,6,heavily_covered,settled,right,high,air,t,goal
girls_lacrosse,10,opponent,5,wide_open,penalty_shot,right,high,air,f,on_target
girls_lacrosse,10,mka,6,lightly_covered,settled,right,high,air,t,goal
girls_lacrosse,10,opponent,5,heavily_covered,transition,right,high,air,t,goal
girls_lacrosse,10,opponent,2,wide_open,settled,right,high,air,t,goal
girls_lacrosse,10,mka,6,wide_open,settled,right,high,air,t,on_target
girls_lacrosse,10,opponent,6,lightly_covered,penalty_shot,right,low,bouncer,f,on_target
girls_lacrosse,10,opponent,2,lightly_covered,settled,left,low,air,t,on_target
girls_lacrosse,10,mka,6,wide_open,settled,left,low,bouncer,t,on_target
girls_lacrosse,10,mka,5,wide_open,settled,right,high,air,t,goal
girls_lacrosse,10,opponent,3,wide_open,settled,right,high,air,t,on_target
girls_lacrosse,10,mka,2,wide_open,settled,left,low,air,t,off_target
girls_lacrosse,10,opponent,6,lightly_covered,settled,left,low,bouncer,f,goal
girls_lacrosse,10,mka,5,wide_open,penalty_shot,right,low,bouncer,f,goal
girls_lacrosse,10,mka,2,wide_open,transition,left,high,air,t,goal
girls_lacrosse,10,opponent,8,lightly_covered,penalty_shot,right,high,air,f,off_target
girls_lacrosse,10,opponent,6,heavily_covered,penalty_shot,right,high,air,f,off_target
girls_lacrosse,11,mka,2,lightly_covered,penalty_shot,right,high,air,f,goal
girls_lacrosse,11,opponent,6,heavily_covered,settled,right,low,bouncer,t,goal
girls_lacrosse,11,opponent,2,wide_open,settled,right,low,bouncer,t,goal
girls_lacrosse,11,mka,3,wide_open,settled,right,low,bouncer,t,goal
girls_lacrosse,11,mka,2,lightly_covered,transition,right,high,air,f,goal
girls_lacrosse,11,opponent,2,heavily_covered,transition,right,high,air,f,on_target
girls_lacrosse,11,mka,2,lightly_covered,transition,right,high,air,f,off_target
girls_lacrosse,11,opponent,7,lightly_covered,settled,left,low,air,f,goal
girls_lacrosse,11,opponent,2,heavily_covered,transition,left,low,bouncer,f,on_target
girls_lacrosse,11,opponent,7,wide_open,penalty_shot,right,low,air,f,goal
girls_lacrosse,11,opponent,7,heavily_covered,settled,left,low,bouncer,t,on_target
girls_lacrosse,11,mka,6,lightly_covered,transition,right,high,air,f,goal
girls_lacrosse,11,mka,3,wide_open,penalty_shot,left,high,air,f,goal
girls_lacrosse,11,mka,2,wide_open,settled,left,low,bouncer,t,goal
girls_lacrosse,11,opponent,5,wide_open,settled,right,low,air,t,on_target
girls_lacrosse,11,mka,6,wide_open,transition,right,low,bouncer,f,goal
girls_lacrosse,11,opponent,6,wide_open,penalty_shot,right,high,air,f,off_target
girls_lacrosse,11,opponent,3,lightly_covered,transition,right,high,air,t,on_target
girls_lacrosse,11,mka,3,wide_open,penalty_shot,left,low,bouncer,f,goal
girls_lacrosse,11,mka,5,wide_open,penalty_shot,right,low,bouncer,f,on_target
girls_lacrosse,11,opponent,5,lightly_covered,settled,right,low,bouncer,f,goal
girls_lacrosse,11,mka,9,wide_open,settled,right,low,bouncer,t,off_target
girls_lacrosse,11,opponent,9,lightly_covered,transition,right,high,air,f,off_target
girls_lacrosse,11,mka,2,lightly_covered,transition,right,low,bouncer,t,goal
girls_lacrosse,11,opponent,9,lightly_covered,transition,right,high,air,t,off_target
girls_lacrosse,11,opponent,6,lightly_covered,settled,left,high,air,f,on_target
girls_lacrosse,11,mka,2,lightly_covered,settled,right,low,bouncer,f,on_target
girls_lacrosse,11,mka,2,wide_open,penalty_shot,right,low,air,f,on_target
girls_lacrosse,11,opponent,5,heavily_covered,settled,left,low,bouncer,f,goal
girls_lacrosse,11,mka,1,wide_open,penalty_shot,right,low,air,f,on_target
girls_lacrosse,11,opponent,9,heavily_covered,settled,right,low,air,f,on_target
girls_lacrosse,11,mka,1,wide_open,transition,right,high,air,t,on_target
girls_lacrosse,11,mka,2,lightly_covered,penalty_shot,right,low,bouncer,f,goal
girls_lacrosse,11,opponent,3,lightly_covered,settled,left,high,air,t,off_target
girls_lacrosse,11,opponent,6,heavily_covered,transition,right,high,air,f,off_target
girls_lacrosse,11,mka,3,wide_open,settled,left,low,air,t,off_target
girls_lacrosse,12,mka,2,lightly_covered,penalty_shot,right,low,bouncer,f,on_target
girls_lacrosse,12,opponent,2,lightly_covered,settled,right,high,air,t,goal
girls_lacrosse,12,mka,5,heavily_covered,settled,right,low,bouncer,t,on_target
girls_lacrosse,12,opponent,2,lightly_covered,settled,right,low,bouncer,t,goal
girls_lacrosse,12,mka,2,lightly_covered,penalty_shot,right,high,air,f,goal
girls_lacrosse,12,opponent,6,heavily_covered,transition,right,high,air,t,off_target
girls_lacrosse,12,opponent,2,wide_open,settled,right,low,air,t,goal
girls_lacrosse,12,mka,2,wide_open,settled,right,high,air,t,goal
girls_lacrosse,12,mka,2,wide_open,penalty_shot,right,high,air,f,goal
girls_lacrosse,12,opponent,6,lightly_covered,settled,right,low,bouncer,t,on_target
girls_lacrosse,12,mka,2,wide_open,transition,right,low,air,t,goal
girls_lacrosse,12,mka,1,lightly_covered,transition,left,low,bouncer,t,goal
girls_lacrosse,12,mka,5,heavily_covered,settled,right,low,air,t,goal
girls_lacrosse,12,opponent,2,wide_open,settled,right,low,bouncer,t,goal
girls_lacrosse,12,opponent,2,lightly_covered,settled,right,low,air,t,goal
girls_lacrosse,12,mka,1,lightly_covered,settled,left,high,air,t,goal
girls_lacrosse,12,mka,6,wide_open,penalty_shot,right,low,air,f,goal
girls_lacrosse,12,mka,1,heavily_covered,settled,right,low,air,t,goal
girls_lacrosse,12,opponent,2,lightly_covered,settled,right,low,air,t,goal
girls_lacrosse,12,opponent,7,wide_open,penalty_shot,right,high,air,f,off_target
girls_lacrosse,12,mka,5,heavily_covered,settled,left,low,air,f,goal
girls_lacrosse,12,mka,5,lightly_covered,settled,right,low,bouncer,t,goal
girls_lacrosse,12,mka,3,lightly_covered,settled,left,high,air,t,on_target
girls_lacrosse,12,mka,1,heavily_covered,settled,right,low,bouncer,t,off_target
girls_lacrosse,12,mka,5,lightly_covered,settled,right,high,air,t,goal
girls_lacrosse,12,mka,2,wide_open,transition,right,low,air,t,on_target
girls_lacrosse,12,opponent,2,wide_open,transition,right,high,air,t,goal
girls_lacrosse,12,opponent,3,lightly_covered,transition,right,low,bouncer,f,on_target
girls_lacrosse,12,opponent,8,heavily_covered,settled,left,high,air,f,off_target
girls_lacrosse,12,mka,2,lightly_covered,settled,right,low,bouncer,f,off_target
girls_lacrosse,12,mka,6,heavily_covered,settled,right,low,bouncer,f,goal
girls_lacrosse,12,mka,2,lightly_covered,settled,right,high,air,t,on_target
girls_lacrosse,12,opponent,2,lightly_covered,settled,right,low,bouncer,f,goal
girls_lacrosse,12,mka,5,heavily_covered,transition,right,high,air,f,goal
girls_lacrosse,12,opponent,2,heavily_covered,settled,left,high,air,f,on_target
girls_lacrosse,12,mka,1,lightly_covered,settled,right,high,air,t,on_target
girls_lacrosse,12,mka,2,lightly_covered,penalty_shot,right,low,bouncer,f,goal
girls_lacrosse,12,opponent,6,lightly_covered,settled,left,low,bouncer,f,goal
girls_lacrosse,12,mka,1,lightly_covered,penalty_shot,right,low,bouncer,f,goal
girls_lacrosse,12,mka,3,lightly_covered,penalty_shot,right,low,bouncer,f,on_target
girls_lacrosse,12,mka,2,wide_open,transition,left,high,air,t,goal
girls_lacrosse,12,mka,2,heavily_covered,settled,left,low,air,t,goal
girls_lacrosse,12,mka,2,lightly_covered,settled,right,low,bouncer,f,goal
girls_lacrosse,13,mka,7,lightly_covered,settled,left,low,bouncer,t,off_target
girls_lacrosse,13,mka,1,wide_open,settled,right,high,air,t,off_target
girls_lacrosse,13,mka,3,lightly_covered,settled,right,low,air,f,goal
girls_lacrosse,13,mka,6,heavily_covered,settled,left,low,bouncer,t,off_target
girls_lacrosse,13,mka,1,wide_open,settled,left,high,air,t,goal
girls_lacrosse,13,mka,6,lightly_covered,settled,left,high,air,f,goal
girls_lacrosse,13,mka,2,heavily_covered,settled,left,high,air,t,goal
girls_lacrosse,13,mka,1,lightly_covered,transition,left,low,air,t,goal
girls_lacrosse,13,mka,3,lightly_covered,settled,right,high,air,t,goal
girls_lacrosse,13,mka,5,wide_open,transition,right,high,air,f,on_target
girls_lacrosse,13,mka,5,lightly_covered,settled,left,low,bouncer,t,goal
girls_lacrosse,13,mka,3,lightly_covered,penalty_shot,right,low,air,f,off_target
girls_lacrosse,13,mka,6,wide_open,settled,right,high,air,t,goal
girls_lacrosse,13,opponent,2,wide_open,settled,right,low,air,t,goal
girls_lacrosse,13,opponent,7,wide_open,penalty_shot,right,low,air,t,on_target
girls_lacrosse,13,opponent,2,wide_open,settled,right,high,air,t,goal
girls_lacrosse,13,mka,1,wide_open,settled,right,low,air,t,off_target
girls_lacrosse,13,opponent,6,lightly_covered,settled,right,low,bouncer,f,on_target
girls_lacrosse,13,opponent,9,lightly_covered,settled,right,high,air,f,off_target
girls_lacrosse,13,mka,5,heavily_covered,settled,right,high,air,f,off_target
girls_lacrosse,13,mka,2,wide_open,settled,right,high,air,t,goal
girls_lacrosse,13,opponent,2,wide_open,penalty_shot,right,low,air,f,on_target
girls_lacrosse,13,opponent,6,lightly_covered,settled,right,high,air,t,on_target
girls_lacrosse,13,mka,6,heavily_covered,settled,right,low,air,f,off_target
girls_lacrosse,13,mka,2,wide_open,settled,right,low,air,t,goal
girls_lacrosse,13,mka,2,wide_open,transition,right,high,air,f,goal
girls_lacrosse,13,opponent,9,lightly_covered,transition,right,high,air,f,goal
girls_lacrosse,13,opponent,8,lightly_covered,settled,left,low,bouncer,f,on_target
girls_lacrosse,13,opponent,5,wide_open,settled,left,low,bouncer,f,off_target
girls_lacrosse,13,opponent,6,wide_open,settled,right,high,air,t,goal
girls_lacrosse,13,opponent,9,wide_open,settled,right,high,air,f,on_target
girls_lacrosse,13,mka,2,lightly_covered,transition,right,low,air,t,goal
girls_lacrosse,13,mka,6,heavily_covered,settled,left,high,air,t,goal
girls_lacrosse,13,opponent,5,wide_open,settled,right,high,air,t,on_target
girls_lacrosse,13,mka,6,wide_open,settled,right,low,bouncer,t,goal
girls_lacrosse,13,mka,5,heavily_covered,settled,right,low,bouncer,f,goal
girls_lacrosse,13,mka,1,wide_open,transition,right,high,air,t,on_target
girls_lacrosse,13,opponent,3,wide_open,settled,right,low,bouncer,f,on_target
girls_lacrosse,13,mka,4,wide_open,settled,right,high,air,t,off_target
girls_lacrosse,13,mka,3,wide_open,penalty_shot,right,high,air,f,goal
girls_lacrosse,13,mka,1,wide_open,penalty_shot,right,low,air,f,goal
girls_lacrosse,13,mka,6,wide_open,transition,right,low,air,t,goal
girls_lacrosse,13,mka,6,lightly_covered,settled,right,low,bouncer,f,on_target
girls_lacrosse,13,opponent,6,heavily_covered,settled,right,low,bouncer,t,goal
girls_lacrosse,13,opponent,5,wide_open,transition,left,low,bouncer,f,on_target
girls_lacrosse,13,mka,7,wide_open,penalty_shot,right,low,air,t,goal
girls_lacrosse,13,opponent,9,lightly_covered,transition,right,high,air,f,off_target
girls_lacrosse,13,opponent,5,wide_open,transition,right,low,air,t,goal
girls_lacrosse,14,opponent,5,lightly_covered,penalty_shot,left,low,bouncer,f,on_target
girls_lacrosse,14,opponent,2,lightly_covered,settled,right,high,air,t,on_target
girls_lacrosse,14,mka,2,heavily_covered,settled,right,high,air,t,goal
girls_lacrosse,14,opponent,7,lightly_covered,settled,right,high,air,f,on_target
girls_lacrosse,14,mka,2,heavily_covered,settled,left,low,bouncer,t,on_target
girls_lacrosse,14,opponent,6,heavily_covered,transition,right,low,bouncer,f,on_target
girls_lacrosse,14,mka,2,lightly_covered,penalty_shot,right,low,air,f,on_target
girls_lacrosse,14,mka,3,heavily_covered,settled,left,high,air,t,off_target
girls_lacrosse,14,opponent,6,lightly_covered,settled,right,low,bouncer,t,goal
girls_lacrosse,14,opponent,7,lightly_covered,transition,right,high,air,t,goal
girls_lacrosse,14,opponent,2,wide_open,transition,left,high,air,t,goal
girls_lacrosse,14,mka,2,wide_open,penalty_shot,right,high,air,f,goal
girls_lacrosse,14,mka,1,lightly_covered,penalty_shot,right,high,air,f,on_target
girls_lacrosse,14,mka,2,heavily_covered,settled,right,high,air,f,off_target
girls_lacrosse,14,mka,5,heavily_covered,settled,right,high,air,t,off_target
girls_lacrosse,14,mka,2,wide_open,settled,left,low,air,t,on_target
girls_lacrosse,14,mka,2,lightly_covered,settled,right,high,air,t,off_target
girls_lacrosse,14,mka,2,lightly_covered,settled,left,low,air,t,goal
girls_lacrosse,14,mka,6,lightly_covered,settled,left,high,air,t,on_target
girls_lacrosse,14,mka,5,heavily_covered,settled,right,high,air,t,off_target
girls_lacrosse,14,mka,2,wide_open,transition,left,high,air,t,goal
girls_lacrosse,14,mka,2,lightly_covered,penalty_shot,right,high,air,f,goal
girls_lacrosse,14,opponent,2,lightly_covered,settled,right,low,air,t,goal
girls_lacrosse,14,mka,3,wide_open,settled,right,high,air,f,goal
girls_lacrosse,14,opponent,2,heavily_covered,settled,left,high,air,t,off_target
girls_lacrosse,14,opponent,5,lightly_covered,transition,right,high,air,f,on_target
girls_lacrosse,14,opponent,2,heavily_covered,settled,left,low,air,t,on_target
girls_lacrosse,14,mka,1,heavily_covered,settled,right,high,air,t,goal
girls_lacrosse,14,opponent,7,heavily_covered,settled,left,low,bouncer,t,off_target
girls_lacrosse,14,mka,2,heavily_covered,settled,right,high,air,t,goal
girls_lacrosse,15,mka,1,lightly_covered,transition,right,high,air,f,goal
girls_lacrosse,15,mka,2,wide_open,settled,left,low,air,t,goal
girls_lacrosse,15,mka,2,wide_open,transition,right,high,air,t,goal
girls_lacrosse,15,mka,2,lightly_covered,transition,right,high,air,f,goal
girls_lacrosse,15,mka,6,heavily_covered,transition,left,low,air,f,goal
girls_lacrosse,15,mka,6,heavily_covered,settled,right,high,air,t,off_target
girls_lacrosse,15,mka,1,lightly_covered,transition,right,high,air,t,goal
girls_lacrosse,15,mka,2,wide_open,settled,right,high,air,t,on_target
girls_lacrosse,15,mka,2,wide_open,transition,left,high,air,f,goal
girls_lacrosse,15,mka,5,wide_open,settled,right,high,air,t,goal
girls_lacrosse,15,opponent,1,heavily_covered,transition,right,high,air,f,off_target
girls_lacrosse,15,opponent,6,lightly_covered,penalty_shot,right,low,air,f,on_target
girls_lacrosse,15,mka,6,heavily_covered,settled,left,low,air,f,on_target
girls_lacrosse,15,mka,1,lightly_covered,settled,right,low,air,t,goal
girls_lacrosse,15,mka,2,lightly_covered,transition,right,high,air,t,off_target
girls_lacrosse,15,mka,6,lightly_covered,settled,left,high,air,t,goal
girls_lacrosse,15,mka,6,wide_open,penalty_shot,right,low,bouncer,f,on_target
girls_lacrosse,15,mka,1,wide_open,settled,right,low,bouncer,t,on_target
girls_lacrosse,15,mka,7,wide_open,settled,right,high,air,t,goal
girls_lacrosse,15,mka,7,lightly_covered,transition,right,high,air,t,on_target
girls_lacrosse,15,opponent,2,lightly_covered,transition,left,high,air,f,goal
girls_lacrosse,15,opponent,1,heavily_covered,transition,right,low,air,f,goal
girls_lacrosse,15,mka,7,heavily_covered,transition,right,low,air,f,on_target
girls_lacrosse,15,mka,3,heavily_covered,settled,right,high,air,f,on_target
girls_lacrosse,15,mka,6,wide_open,penalty_shot,right,low,bouncer,f,on_target
girls_lacrosse,15,opponent,1,heavily_covered,penalty_shot,right,high,air,f,on_target
girls_lacrosse,15,mka,6,heavily_covered,transition,right,low,air,f,on_target
girls_lacrosse,15,mka,1,lightly_covered,settled,right,high,air,t,goal
girls_lacrosse,15,mka,2,lightly_covered,settled,right,high,air,t,goal
girls_lacrosse,15,mka,1,wide_open,settled,right,low,bouncer,t,goal
girls_lacrosse,15,mka,1,wide_open,settled,right,high,air,t,on_target
girls_lacrosse,15,mka,6,wide_open,settled,right,low,air,t,goal
girls_lacrosse,15,mka,6,wide_open,penalty_shot,right,low,air,f,goal
girls_lacrosse,15,mka,1,lightly_covered,transition,right,high,air,t,goal
girls_lacrosse,15,opponent,9,lightly_covered,settled,right,high,air,f,off_target
girls_lacrosse,15,mka,7,lightly_covered,penalty_shot,right,low,air,f,on_target
girls_lacrosse,15,mka,2,wide_open,settled,right,low,air,t,off_target
girls_lacrosse,15,opponent,2,heavily_covered,transition,right,low,bouncer,f,goal
girls_lacrosse,15,opponent,5,lightly_covered,transition,right,high,air,f,on_target
girls_lacrosse,15,mka,3,wide_open,transition,right,high,air,t,goal
girls_lacrosse,15,mka,2,wide_open,transition,right,high,air,t,on_target
girls_lacrosse,15,mka,2,wide_open,transition,right,low,air,f,goal
girls_lacrosse,15,opponent,2,lightly_covered,settled,right,high,air,f,goal
girls_lacrosse,15,opponent,2,wide_open,settled,right,high,air,f,on_target
girls_lacrosse,16,mka,6,lightly_covered,settled,right,high,air,t,goal
girls_lacrosse,16,mka,2,heavily_covered,penalty_shot,left,high,air,t,off_target
girls_lacrosse,16,mka,2,heavily_covered,settled,left,high,air,t,goal
girls_lacrosse,16,opponent,6,heavily_covered,settled,right,low,bouncer,f,off_target
girls_lacrosse,16,mka,2,heavily_covered,penalty_shot,left,high,air,f,off_target
girls_lacrosse,16,mka,3,heavily_covered,settled,right,high,air,f,goal
girls_lacrosse,16,opponent,2,wide_open,transition,right,high,air,f,goal
girls_lacrosse,16,opponent,5,heavily_covered,settled,right,low,air,f,off_target
girls_lacrosse,16,mka,2,heavily_covered,settled,right,high,air,f,on_target
girls_lacrosse,16,opponent,3,heavily_covered,settled,right,high,air,f,off_target
girls_lacrosse,16,opponent,7,lightly_covered,settled,left,high,air,f,off_target
girls_lacrosse,16,opponent,9,lightly_covered,settled,right,high,air,f,goal
girls_lacrosse,16,opponent,9,wide_open,penalty_shot,right,low,air,f,off_target
girls_lacrosse,16,opponent,2,lightly_covered,settled,right,high,air,t,off_target
girls_lacrosse,16,opponent,7,heavily_covered,settled,right,high,air,f,on_target
girls_lacrosse,16,opponent,5,heavily_covered,settled,right,high,air,f,off_target
girls_lacrosse,16,opponent,5,heavily_covered,settled,right,low,air,f,off_target
girls_lacrosse,16,opponent,5,wide_open,penalty_shot,right,high,air,f,off_target
girls_lacrosse,16,opponent,2,heavily_covered,settled,right,high,air,t,off_target
girls_lacrosse,16,opponent,6,lightly_covered,settled,right,low,air,t,on_target
girls_lacrosse,16,opponent,1,wide_open,penalty_shot,left,high,air,f,goal
girls_lacrosse,16,opponent,3,wide_open,transition,right,low,air,t,goal
girls_lacrosse,16,opponent,5,lightly_covered,penalty_shot,left,high,air,f,off_target
girls_lacrosse,16,opponent,6,heavily_covered,settled,right,low,air,f,on_target
girls_lacrosse,16,mka,2,heavily_covered,transition,right,high,air,t,off_target
girls_lacrosse,16,mka,3,lightly_covered,transition,right,low,bouncer,f,goal
girls_lacrosse,16,mka,7,lightly_covered,penalty_shot,right,high,bouncer,f,on_target
girls_lacrosse,16,mka,6,lightly_covered,penalty_shot,left,high,bouncer,f,on_target
girls_lacrosse,16,mka,6,wide_open,penalty_shot,right,high,air,f,goal
girls_lacrosse,16,opponent,2,heavily_covered,settled,right,high,air,t,goal
girls_lacrosse,16,mka,2,wide_open,transition,left,high,air,t,goal
girls_lacrosse,16,mka,6,heavily_covered,transition,right,low,air,t,on_target
girls_lacrosse,16,opponent,3,wide_open,settled,right,high,air,t,off_target
girls_lacrosse,16,opponent,2,heavily_covered,settled,left,high,air,f,off_target
girls_lacrosse,16,opponent,5,heavily_covered,settled,right,high,air,f,off_target
girls_lacrosse,16,opponent,5,heavily_covered,settled,right,high,air,f,off_target
girls_lacrosse,16,mka,4,wide_open,settled,right,high,air,t,goal
girls_lacrosse,17,mka,3,lightly_covered,penalty_shot,right,high,air,f,goal
girls_lacrosse,17,mka,2,lightly_covered,settled,right,low,air,t,on_target
girls_lacrosse,17,mka,1,lightly_covered,settled,right,low,air,t,goal
girls_lacrosse,17,opponent,7,lightly_covered,settled,right,low,air,t,goal
girls_lacrosse,17,opponent,5,wide_open,settled,right,high,air,f,goal
girls_lacrosse,17,mka,1,lightly_covered,transition,right,low,air,f,goal
girls_lacrosse,17,mka,1,wide_open,settled,right,low,air,t,on_target
girls_lacrosse,17,mka,6,heavily_covered,settled,right,high,air,t,on_target
girls_lacrosse,17,mka,5,heavily_covered,transition,right,high,air,t,off_target
girls_lacrosse,17,mka,1,lightly_covered,settled,right,low,air,t,goal
girls_lacrosse,17,opponent,6,lightly_covered,settled,right,high,air,t,on_target
girls_lacrosse,17,mka,6,wide_open,penalty_shot,left,high,air,t,goal
girls_lacrosse,17,mka,6,heavily_covered,transition,right,low,air,f,on_target
girls_lacrosse,17,mka,5,lightly_covered,settled,right,low,bouncer,t,goal
girls_lacrosse,17,mka,3,wide_open,penalty_shot,right,high,air,f,goal
girls_lacrosse,17,mka,5,heavily_covered,settled,right,high,air,t,goal
girls_lacrosse,17,mka,1,wide_open,transition,right,high,air,t,goal
girls_lacrosse,17,mka,2,heavily_covered,settled,right,high,air,t,on_target
girls_lacrosse,17,mka,3,wide_open,transition,right,high,air,t,on_target
girls_lacrosse,17,mka,5,lightly_covered,settled,right,high,air,t,goal
girls_lacrosse,17,opponent,5,heavily_covered,settled,right,low,bouncer,f,on_target
girls_lacrosse,17,opponent,6,heavily_covered,penalty_shot,right,high,bouncer,f,on_target
girls_lacrosse,17,mka,7,wide_open,penalty_shot,right,high,air,t,goal
girls_lacrosse,17,mka,7,heavily_covered,settled,left,high,air,t,goal
girls_lacrosse,17,mka,2,wide_open,settled,right,high,air,t,goal
girls_lacrosse,17,mka,2,wide_open,settled,right,low,bouncer,t,goal
girls_lacrosse,17,opponent,9,heavily_covered,transition,right,high,bouncer,f,on_target
girls_lacrosse,17,mka,6,heavily_covered,settled,right,high,air,t,off_target
girls_lacrosse,17,mka,2,heavily_covered,settled,right,high,air,t,goal
girls_lacrosse,17,mka,3,lightly_covered,transition,left,high,air,t,on_target
girls_lacrosse,17,opponent,5,lightly_covered,settled,right,low,bouncer,f,on_target
girls_lacrosse,17,mka,3,lightly_covered,settled,left,high,air,t,goal
girls_lacrosse,17,mka,2,lightly_covered,settled,right,high,air,t,goal
girls_lacrosse,17,opponent,7,lightly_covered,settled,right,high,air,t,on_target
girls_lacrosse,17,opponent,5,wide_open,penalty_shot,right,low,air,f,on_target
girls_lacrosse,17,mka,6,heavily_covered,settled,right,low,bouncer,t,goal
girls_lacrosse,17,opponent,6,lightly_covered,penalty_shot,right,low,bouncer,f,on_target
girls_lacrosse,17,opponent,2,wide_open,penalty_shot,right,high,air,f,goal
girls_lacrosse,17,opponent,6,heavily_covered,settled,right,low,air,f,off_target
girls_lacrosse,17,opponent,7,heavily_covered,settled,right,high,air,f,off_target
girls_lacrosse,17,opponent,7,lightly_covered,penalty_shot,right,low,bouncer,f,on_target
girls_lacrosse,17,mka,6,heavily_covered,settled,right,high,air,f,off_target
girls_lacrosse,17,mka,6,heavily_covered,penalty_shot,right,high,air,f,off_target
girls_lacrosse,17,mka,6,heavily_covered,settled,right,high,bouncer,t,on_target
girls_lacrosse,17,mka,6,heavily_covered,settled,right,high,air,t,goal
girls_lacrosse,18,,,,,,,,,
girls_lacrosse,19,mka,2,heavily_covered,transition,right,high,air,t,goal
girls_lacrosse,19,mka,5,lightly_covered,transition,right,low,air,f,goal
girls_lacrosse,19,mka,1,heavily_covered,settled,right,high,air,t,goal
girls_lacrosse,19,mka,5,wide_open,settled,right,low,air,t,goal
girls_lacrosse,19,opponent,1,lightly_covered,transition,right,high,air,f,on_target
girls_lacrosse,19,mka,6,heavily_covered,transition,left,high,air,f,goal
girls_lacrosse,19,mka,5,heavily_covered,transition,right,high,air,f,off_target
girls_lacrosse,19,mka,5,wide_open,settled,right,low,air,t,goal
girls_lacrosse,19,mka,5,lightly_covered,settled,right,low,air,f,goal
girls_lacrosse,19,mka,5,wide_open,settled,right,low,air,t,on_target
girls_lacrosse,19,mka,5,heavily_covered,settled,right,low,air,f,on_target
girls_lacrosse,19,opponent,1,heavily_covered,transition,right,high,air,f,on_target
girls_lacrosse,19,opponent,4,lightly_covered,transition,right,high,air,t,on_target
girls_lacrosse,19,mka,5,heavily_covered,penalty_shot,right,low,bouncer,f,on_target
girls_lacrosse,19,mka,6,lightly_covered,transition,left,high,air,t,goal
girls_lacrosse,19,mka,2,heavily_covered,transition,right,high,bouncer,t,off_target
girls_lacrosse,19,opponent,5,lightly_covered,transition,right,high,bouncer,f,goal
girls_lacrosse,19,mka,6,wide_open,transition,right,low,air,f,on_target
girls_lacrosse,19,mka,2,lightly_covered,penalty_shot,right,low,bouncer,f,on_target
girls_lacrosse,19,mka,3,wide_open,settled,right,low,air,t,goal
girls_lacrosse,19,mka,1,lightly_covered,transition,right,low,air,f,goal
girls_lacrosse,19,opponent,2,wide_open,transition,right,high,air,t,off_target
girls_lacrosse,19,opponent,2,lightly_covered,settled,right,low,bouncer,f,off_target
girls_lacrosse,19,mka,7,lightly_covered,transition,left,high,air,t,goal
girls_lacrosse,19,mka,5,lightly_covered,settled,right,high,air,f,off_target
girls_lacrosse,19,mka,2,wide_open,transition,right,high,air,t,goal
girls_lacrosse,19,mka,6,heavily_covered,penalty_shot,right,low,bouncer,f,on_target
girls_lacrosse,19,mka,5,wide_open,settled,right,high,air,t,goal
girls_lacrosse,19,mka,7,wide_open,settled,left,high,air,t,goal
girls_lacrosse,19,mka,2,wide_open,transition,right,high,air,t,goal
girls_lacrosse,19,mka,6,lightly_covered,settled,left,high,air,t,on_target
girls_lacrosse,19,opponent,5,heavily_covered,settled,right,low,bouncer,f,on_target
girls_lacrosse,19,mka,5,heavily_covered,penalty_shot,right,low,air,f,on_target
girls_lacrosse,19,opponent,3,heavily_covered,settled,right,high,air,f,on_target
girls_lacrosse,19,opponent,2,wide_open,settled,right,low,air,t,goal
girls_lacrosse,19,opponent,6,lightly_covered,penalty_shot,right,low,bouncer,f,goal
girls_lacrosse,19,opponent,7,heavily_covered,transition,right,high,air,t,off_target
girls_lacrosse,19,opponent,5,wide_open,settled,right,high,air,t,on_target
girls_lacrosse,19,mka,3,lightly_covered,transition,left,high,air,t,goal
girls_lacrosse,19,mka,7,lightly_covered,transition,right,low,air,t,off_target
girls_lacrosse,19,opponent,6,heavily_covered,settled,right,low,air,f,on_target
girls_lacrosse,19,mka,6,wide_open,penalty_shot,right,low,bouncer,f,goal
girls_lacrosse,19,mka,3,wide_open,settled,right,high,air,t,goal
girls_lacrosse,19,mka,6,lightly_covered,transition,right,low,air,t,off_target
girls_lacrosse,19,mka,9,wide_open,penalty_shot,right,high,air,f,on_target
girls_lacrosse,19,opponent,3,heavily_covered,transition,right,low,air,f,goal
girls_lacrosse,19,opponent,2,lightly_covered,transition,right,high,air,t,on_target
girls_lacrosse,19,mka,2,lightly_covered,transition,left,low,bouncer,t,on_target
girls_lacrosse,19,mka,2,heavily_covered,settled,left,low,bouncer,f,on_target
girls_lacrosse,19,opponent,2,wide_open,transition,right,low,bouncer,f,goal
girls_lacrosse,19,opponent,9,wide_open,transition,right,high,air,f,off_target
girls_lacrosse,20,mka,2,wide_open,settled,right,high,air,t,on_target
girls_lacrosse,20,mka,6,wide_open,transition,right,high,air,t,goal
girls_lacrosse,20,opponent,3,lightly_covered,settled,right,high,air,f,goal
girls_lacrosse,20,opponent,7,lightly_covered,settled,right,high,bouncer,t,off_target
girls_lacrosse,20,opponent,6,lightly_covered,settled,right,high,air,f,goal
girls_lacrosse,20,opponent,7,heavily_covered,transition,right,low,bouncer,t,goal
girls_lacrosse,20,mka,5,lightly_covered,transition,right,low,bouncer,f,goal
girls_lacrosse,20,opponent,5,wide_open,transition,right,low,bouncer,f,goal
girls_lacrosse,20,mka,7,lightly_covered,penalty_shot,left,low,bouncer,f,goal
girls_lacrosse,20,mka,5,heavily_covered,settled,right,high,air,f,off_target
girls_lacrosse,20,mka,4,heavily_covered,settled,right,low,bouncer,f,on_target
girls_lacrosse,20,opponent,7,wide_open,penalty_shot,right,high,air,f,goal
girls_lacrosse,20,mka,2,heavily_covered,transition,right,high,air,t,off_target
girls_lacrosse,20,mka,6,lightly_covered,settled,left,high,bouncer,f,on_target
girls_lacrosse,20,mka,5,lightly_covered,settled,right,high,air,f,on_target
girls_lacrosse,20,mka,6,heavily_covered,settled,right,high,air,f,off_target
girls_lacrosse,20,opponent,3,wide_open,transition,left,low,bouncer,t,goal
girls_lacrosse,20,opponent,7,heavily_covered,settled,left,high,air,t,off_target
girls_lacrosse,20,opponent,2,heavily_covered,transition,right,low,bouncer,f,on_target
girls_lacrosse,20,mka,5,heavily_covered,settled,right,high,bouncer,f,off_target
girls_lacrosse,20,mka,1,lightly_covered,settled,right,high,air,t,goal
girls_lacrosse,20,opponent,3,lightly_covered,transition,right,high,air,t,goal
girls_lacrosse,20,mka,2,heavily_covered,settled,right,high,air,f,on_target
girls_lacrosse,20,opponent,2,wide_open,transition,right,low,bouncer,t,goal
girls_lacrosse,20,opponent,2,wide_open,settled,right,low,air,t,goal
girls_lacrosse,20,opponent,2,heavily_covered,settled,right,low,bouncer,t,on_target
girls_lacrosse,20,opponent,7,wide_open,penalty_shot,right,high,air,f,on_target
girls_lacrosse,20,opponent,1,lightly_covered,settled,left,high,air,f,off_target
girls_lacrosse,20,opponent,1,heavily_covered,penalty_shot,right,high,air,f,on_target
girls_lacrosse,20,opponent,5,lightly_covered,transition,right,low,bouncer,f,goal
girls_lacrosse,20,mka,2,heavily_covered,settled,left,high,air,f,on_target
girls_lacrosse,20,opponent,3,wide_open,transition,right,low,bouncer,t,goal
girls_lacrosse,20,mka,1,lightly_covered,transition,right,low,bouncer,f,goal
